,t1_captain,t2_captain,t1_formation,t2_formation,t1_possession,t2_possession,t1_passing,t2_passing,t1_shots,t2_shots,t1_saves,t2_saves,t1_yellow_cards,t1_red_cards,t2_yellow_cards,t2_red_cards,t1_fouls,t2_fouls,t1_corners,t2_corners,t1_crosses,t2_crosses,t1_touches,t2_touches,t1_tackles,t2_tackles,t1_interceptions,t2_interceptions,t1_aerials_won,t2_aerials_won,t1_clearances,t2_clearances,t1_offsides,t2_offsides,t1_goal_kicks,t2_goal_kicks,t1_throw_ins,t2_throw_ins,t1_long_balls,t2_long_balls
0,Laurent Koscielny,Nicolas Pallois,(4-3-3),(4-4-2),44%,56%,427 of 516 — 83%,87% — 572 of 661,1 of 5 — 20%,17% — 1 of 6,1 of 1 — 100%,100% — 1 of 1,2.0,1,3.0,0,10,15,2,3,9,19,625,746,14,13,9,10,18,15,29,15,0,3,4,7,25,19,86,47
0,Bruno Ecuele Manga,Ismaël Traoré,(4-3-3),(4-1-4-1),54%,46%,491 of 572 — 86%,84% — 411 of 491,1 of 9 — 11%,33% — 4 of 12,3 of 4 — 75%,100% — 1 of 1,0.0,0,0.0,0,15,8,3,9,10,26,685,599,13,11,5,10,20,6,22,26,2,1,9,5,26,19,62,70
0,José Fonte,Damien Da Silva,(4-2-2-2),(4-3-3),52%,48%,453 of 552 — 82%,84% — 431 of 516,1 of 5 — 20%,13% — 2 of 16,1 of 2 — 50%,0% — 0 of 1,0.0,1,1.0,1,12,16,4,2,13,14,633,628,16,13,9,11,11,14,10,14,0,0,9,6,32,20,72,54
0,Wissam Ben Yedder,Yunis Abdelhamid,(4-3-3),(4-4-2),75%,25%,700 of 794 — 88%,69% — 180 of 260,5 of 22 — 23%,33% — 3 of 9,1 of 3 — 33%,60% — 3 of 5,1.0,0,3.0,0,8,14,8,1,36,6,899,377,23,24,11,11,20,12,5,24,0,0,9,18,17,17,69,65
0,Fabien Lemoine,Stefan Mitrović,(4-2-3-1),(4-2-3-1),50%,50%,359 of 452 — 79%,78% — 359 of 458,6 of 9 — 67%,14% — 1 of 7,0 of 1 — 0%,66% — 4 of 6,3.0,0,2.0,0,17,10,6,1,23,7,563,546,18,20,15,9,6,19,10,18,1,2,6,4,25,26,62,67
0,Renaud Ripart,Jean-Kevin Duverne,(4-2-3-1),(4-2-3-1),44%,56%,274 of 372 — 74%,75% — 350 of 469,5 of 12 — 42%,30% — 3 of 10,3 of 3 — 100%,20% — 1 of 5,2.0,0,3.0,1,14,17,4,4,13,16,487,563,18,18,14,8,15,18,21,11,0,3,7,9,22,31,87,88
0,Dante,Yannick Cahuzac,(4-3-3),(3-4-1-2),57%,43%,457 of 540 — 85%,80% — 328 of 412,2 of 4 — 50%,20% — 3 of 15,3 of 3 — 100%,0% — 0 of 2,2.0,0,3.0,0,17,18,1,7,5,29,631,500,12,6,11,18,9,14,19,6,0,1,8,3,16,26,53,84
0,Memphis,Bruno Ecuele Manga,(3-4-1-2),(4-2-3-1),63%,37%,511 of 608 — 84%,73% — 258 of 352,10 of 25 — 40%,33% — 2 of 6,1 of 2 — 50%,90% — 9 of 10,3.0,0,3.0,0,12,7,13,2,45,9,715,476,13,23,13,18,24,6,5,33,0,4,3,17,21,20,62,72
0,Damien Da Silva,Daniel Congré,(4-3-3),(3-5-1-1),65%,35%,546 of 641 — 85%,73% — 247 of 340,7 of 16 — 44%,30% — 3 of 10,2 of 3 — 66%,85% — 6 of 7,3.0,1,2.0,1,18,16,2,1,8,12,740,435,21,17,8,13,17,18,12,12,1,1,13,7,17,28,62,85
0,Lamine Koné,Dante,(4-2-3-1),(4-3-3),45%,55%,394 of 495 — 80%,85% — 513 of 601,0 of 6 — 0%,50% — 1 of 2,0 of 1 — 0%,% — 0 of 0,2.0,0,6.0,0,14,11,3,1,18,10,578,695,10,19,12,11,10,16,8,13,1,1,8,12,30,11,93,71
0,Yunis Abdelhamid,José Fonte,(4-1-4-1),(4-4-2),50%,50%,474 of 576 — 82%,81% — 464 of 570,0 of 4 — 0%,30% — 3 of 10,2 of 3 — 66%,% — 0 of 0,4.0,0,1.0,0,20,11,1,2,14,9,677,667,22,18,17,8,14,27,5,11,2,2,6,8,18,21,72,67
0,John Boye,Wissam Ben Yedder,(4-3-3),(4-3-3),54%,46%,410 of 525 — 78%,73% — 320 of 439,4 of 14 — 29%,67% — 2 of 3,1 of 2 — 50%,100% — 4 of 4,0.0,0,6.5,0,14,20,10,1,27,7,645,558,21,26,11,11,18,22,11,25,0,4,4,11,22,21,89,67
0,Ismaël Traoré,Laurent Koscielny,(4-1-4-1),(4-2-3-1),57%,43%,488 of 590 — 83%,79% — 355 of 451,2 of 12 — 17%,100% — 7 of 7,5 of 7 — 71%,100% — 2 of 2,1.0,0,3.0,0,12,19,5,7,26,18,713,582,20,30,16,22,14,13,18,27,1,1,1,8,19,20,58,65
0,Nicolas Pallois,Renaud Ripart,(4-2-3-1),(4-2-3-1),33%,67%,191 of 305 — 63%,78% — 474 of 606,3 of 7 — 43%,50% — 9 of 18,8 of 9 — 88%,66% — 2 of 3,4.5,1,2.0,0,17,9,4,8,11,32,436,698,26,11,13,10,19,15,32,10,2,1,8,2,12,37,71,88
0,Mathieu Debuchy,Fabien Lemoine,(4-2-3-1),(4-3-3),53%,48%,396 of 483 — 82%,76% — 334 of 437,5 of 13 — 38%,17% — 1 of 6,1 of 1 — 100%,60% — 3 of 5,2.0,0,1.0,0,14,23,2,5,10,21,614,544,29,19,10,12,5,12,18,12,0,1,5,7,36,30,78,56
0,Jean-Kevin Duverne,Steve Mandanda,(4-2-3-1),(4-3-3),59%,41%,451 of 575 — 78%,73% — 292 of 399,4 of 19 — 21%,57% — 4 of 7,1 of 4 — 25%,50% — 2 of 4,2.0,0,4.0,0,17,13,10,2,37,9,685,527,21,12,9,15,13,15,9,30,3,2,4,14,38,22,79,81
0,Jean-Louis Leca,Presnel Kimpembe,(3-4-1-2),(4-3-3),22%,78%,182 of 272 — 67%,89% — 841 of 940,3 of 7 — 43%,13% — 1 of 8,1 of 1 — 100%,66% — 2 of 3,2.0,0,2.0,0,21,10,4,2,16,13,382,1030,24,17,23,5,12,6,22,12,3,3,9,2,13,19,67,36
0,Laurent Koscielny,Memphis,(4-2-3-1),(3-4-3),46%,54%,326 of 426 — 77%,80% — 405 of 504,0 of 5 — 0%,15% — 3 of 20,3 of 3 — 100%,% — 0 of 0,2.0,0,3.0,0,12,19,4,5,19,22,531,631,11,23,14,14,10,8,24,19,0,0,15,7,32,23,66,72
0,Vitorino Hilton,Dante,(3-4-1-2),(4-3-3),39%,61%,241 of 329 — 73%,83% — 436 of 524,13 of 20 — 65%,11% — 1 of 9,0 of 1 — 0%,76% — 10 of 13,0.0,0,2.0,0,18,16,8,9,20,25,436,633,13,10,8,13,19,19,21,17,1,0,5,8,23,12,86,63
0,Mathieu Debuchy,Stefan Mitrović,(4-2-3-1),(5-4-1),49%,51%,304 of 412 — 74%,74% — 321 of 432,3 of 8 — 38%,43% — 6 of 14,6 of 6 — 100%,66% — 2 of 3,1.0,0,3.0,0,13,19,6,3,23,10,537,540,18,13,12,8,21,22,21,22,3,0,5,8,35,34,65,87
0,José Fonte,John Boye,(4-4-2),(5-4-1),61%,39%,491 of 612 — 80%,72% — 276 of 384,6 of 16 — 38%,20% — 1 of 5,1 of 1 — 100%,83% — 5 of 6,4.0,0,4.0,0,12,14,8,3,24,18,702,508,22,23,15,19,25,26,12,27,1,2,6,7,21,17,62,84
0,Fabien Lemoine,Yannick Cahuzac,(4-3-3),(3-4-1-2),47%,53%,290 of 406 — 71%,77% — 350 of 457,2 of 5 — 40%,45% — 5 of 11,3 of 5 — 60%,50% — 1 of 2,4.0,0,4.5,0,20,16,4,2,16,23,506,564,24,15,7,12,16,21,19,16,0,0,8,4,32,24,67,97
0,Bruno Ecuele Manga,Jean-Kevin Duverne,(4-3-3),(4-2-3-1),50%,50%,397 of 484 — 82%,82% — 396 of 485,3 of 7 — 43%,26% — 5 of 19,3 of 5 — 60%,100% — 3 of 3,1.0,1,0.0,0,16,16,5,7,18,22,587,604,16,24,9,14,12,17,15,22,1,2,15,6,27,20,49,82
0,Renaud Ripart,Damien Da Silva,(4-2-3-1),(4-3-3),45%,55%,303 of 398 — 76%,78% — 375 of 483,9 of 17 — 53%,60% — 6 of 10,2 of 6 — 33%,77% — 7 of 9,2.0,0,6.0,0,17,13,8,4,25,14,503,575,18,13,12,4,21,14,8,15,1,0,4,11,14,18,86,88
0,Ismaël Traoré,Xavier Chavalerin,(4-1-4-1),(4-4-2),58%,42%,502 of 587 — 86%,80% — 346 of 433,6 of 19 — 32%,29% — 2 of 7,2 of 2 — 100%,83% — 5 of 6,5.5,0,2.0,1,12,12,1,2,17,11,688,541,8,15,6,14,14,16,15,20,2,0,9,15,20,17,60,62
0,Wissam Ben Yedder,Nicolas Pallois,(4-3-3),(4-2-3-1),57%,43%,518 of 623 — 83%,79% — 366 of 463,5 of 18 — 28%,29% — 2 of 7,1 of 2 — 50%,60% — 3 of 5,3.0,0,1.0,0,14,11,9,4,22,16,727,578,27,16,10,7,17,9,18,27,3,1,12,12,14,16,74,62
0,Presnel Kimpembe,Steve Mandanda,(4-3-3),(4-3-3),65%,35%,499 of 589 — 85%,72% — 226 of 316,4 of 14 — 29%,40% — 2 of 5,1 of 2 — 50%,100% — 4 of 4,7.5,2,9.5,1,17,19,4,2,27,9,701,439,19,19,5,11,12,16,7,29,4,3,3,15,24,23,47,64
0,Vitorino Hilton,Houssem Aouar,(3-5-2),(3-4-1-2),44%,56%,338 of 426 — 79%,83% — 445 of 538,2 of 9 — 22%,33% — 6 of 18,6 of 6 — 100%,50% — 1 of 2,3.0,1,2.0,1,13,13,4,11,16,26,545,643,12,17,9,7,19,18,19,15,2,0,6,9,13,21,61,62
0,Marquinhos,John Boye,(4-3-3),(3-4-1-2),71%,29%,591 of 699 — 85%,67% — 190 of 285,8 of 20 — 40%,14% — 1 of 7,1 of 1 — 100%,87% — 7 of 8,4.5,0,2.0,0,8,6,8,2,31,9,786,400,12,16,9,13,15,17,10,29,1,3,4,18,25,18,63,78
0,Steve Mandanda,Mathieu Debuchy,(4-3-3),(4-4-2),59%,41%,461 of 576 — 80%,75% — 296 of 396,2 of 13 — 15%,42% — 5 of 12,3 of 5 — 60%,100% — 2 of 2,2.0,0,2.0,0,13,15,7,6,20,18,687,540,16,20,14,15,10,15,17,21,3,4,4,11,28,25,66,81
0,Memphis,Anthony Briançon,(4-4-2),(4-3-3),73%,27%,590 of 705 — 84%,61% — 161 of 263,3 of 16 — 19%,30% — 3 of 10,3 of 3 — 100%,100% — 3 of 3,3.0,0,2.0,0,18,12,9,2,36,9,830,419,20,29,5,16,21,16,11,39,0,0,5,11,23,22,60,76
0,Yannick Cahuzac,Laurent Koscielny,(3-4-1-2),(4-2-3-1),59%,41%,489 of 591 — 83%,79% — 325 of 409,4 of 18 — 22%,43% — 3 of 7,2 of 3 — 66%,75% — 3 of 4,5.0,0,6.5,0,15,15,7,0,20,7,677,515,14,15,13,17,16,24,10,21,1,1,7,8,21,18,76,69
0,Damien Da Silva,Wissam Ben Yedder,(4-1-4-1),(4-3-3),58%,42%,557 of 647 — 86%,80% — 374 of 470,3 of 15 — 20%,14% — 2 of 14,1 of 2 — 50%,33% — 1 of 3,1.0,0,2.0,0,11,12,9,10,24,20,749,570,10,16,9,13,14,18,17,17,0,3,9,9,17,17,62,56
0,Dante,Marquinhos,(4-3-3),(4-3-3),50%,50%,526 of 587 — 90%,89% — 519 of 581,5 of 14 — 36%,38% — 5 of 13,3 of 5 — 60%,100% — 5 of 5,1.0,0,2.0,0,9,9,4,7,16,26,674,674,8,14,5,6,3,2,16,7,0,2,6,10,15,8,53,58
0,Stefan Mitrović,Bruno Ecuele Manga,(4-1-2-1-2),(4-3-3),58%,42%,513 of 622 — 82%,79% — 361 of 456,6 of 17 — 35%,40% — 2 of 5,2 of 2 — 100%,83% — 5 of 6,1.0,0,1.0,0,10,16,8,2,27,15,710,553,16,11,7,11,12,7,9,31,2,1,2,10,23,15,111,86
0,John Boye,Yunis Abdelhamid,(4-3-3),(4-2-3-1),59%,41%,403 of 512 — 79%,72% — 255 of 356,4 of 14 — 29%,33% — 3 of 9,3 of 3 — 100%,50% — 2 of 4,1.0,0,4.0,1,14,7,8,5,37,12,614,462,21,17,12,7,17,14,15,23,1,0,6,14,21,22,63,71
0,Andy Delort,Ismaël Traoré,(3-4-1-2),(3-4-3),50%,50%,468 of 565 — 83%,85% — 470 of 555,9 of 14 — 64%,21% — 3 of 14,2 of 3 — 66%,66% — 6 of 9,4.0,0,3.0,0,14,5,6,3,30,12,660,684,14,26,11,10,16,10,10,26,0,0,6,4,17,21,62,44
0,Jean-Kevin Duverne,Fabien Lemoine,(4-2-3-1),(4-2-3-1),57%,43%,458 of 559 — 82%,73% — 302 of 415,6 of 14 — 43%,40% — 4 of 10,3 of 4 — 75%,50% — 3 of 6,2.0,0,1.0,0,20,13,4,6,17,17,660,532,18,19,13,12,25,7,18,15,2,1,6,11,29,17,80,70
0,Nicolas Pallois,Jessy Moulin,(4-2-3-1),(4-3-3),57%,43%,401 of 505 — 79%,71% — 271 of 380,3 of 15 — 20%,50% — 3 of 6,1 of 3 — 33%,33% — 1 of 3,2.0,0,2.0,0,12,17,4,2,34,8,618,494,10,22,14,9,23,13,12,25,3,0,3,14,47,25,70,63
0,Steve Mandanda,José Fonte,(4-2-3-1),(4-4-2),56%,44%,425 of 561 — 76%,75% — 326 of 435,2 of 11 — 18%,50% — 7 of 14,6 of 7 — 85%,50% — 1 of 2,3.0,0,3.0,0,12,18,5,4,25,14,637,553,18,15,8,12,25,27,7,21,0,5,8,10,26,22,85,78
0,José Fonte,Nicolas Pallois,(4-4-2),(4-4-2),54%,46%,417 of 538 — 78%,73% — 335 of 458,3 of 11 — 27%,50% — 6 of 12,6 of 6 — 100%,100% — 3 of 3,0.0,0,2.0,0,16,12,4,7,13,21,679,585,26,19,13,15,15,17,23,22,3,1,4,5,21,24,75,64
0,Jessy Moulin,Damien Da Silva,(4-4-2),(4-1-4-1),49%,51%,388 of 497 — 78%,84% — 439 of 525,4 of 6 — 67%,60% — 6 of 10,3 of 6 — 50%,100% — 4 of 4,1.0,0,1.0,0,11,12,6,4,25,17,587,649,22,22,8,12,13,11,11,21,5,0,3,5,26,19,70,76
0,Steve Mandanda,John Boye,(4-2-3-1),(4-4-2),60%,40%,508 of 615 — 83%,74% — 302 of 406,3 of 17 — 18%,21% — 3 of 14,2 of 3 — 66%,66% — 2 of 3,0.0,0,2.0,0,15,11,5,5,22,15,743,528,23,11,17,24,24,12,17,20,2,4,6,12,21,17,57,72
0,Laurent Koscielny,Dante,(4-2-3-1),(4-4-1-1),46%,54%,424 of 510 — 83%,84% — 506 of 602,5 of 18 — 28%,15% — 2 of 13,2 of 2 — 100%,100% — 5 of 5,1.0,0,1.0,0,9,15,7,7,23,22,624,704,17,18,28,16,11,11,16,16,1,0,11,9,7,12,60,46
0,Bruno Ecuele Manga,Vitorino Hilton,(4-2-3-1),(3-4-1-2),39%,61%,237 of 347 — 68%,79% — 424 of 538,5 of 15 — 33%,23% — 3 of 13,2 of 3 — 66%,60% — 3 of 5,4.0,0,1.0,0,15,11,6,13,15,31,465,651,21,15,12,9,19,15,26,16,2,2,14,3,20,27,86,88
0,Anthony Briançon,Yannick Cahuzac,(4-3-3),(3-4-3),51%,49%,343 of 486 — 71%,72% — 341 of 472,4 of 13 — 31%,33% — 5 of 15,4 of 5 — 80%,75% — 3 of 4,0.0,0,3.0,0,10,16,5,7,21,21,611,626,18,12,17,13,22,28,17,25,2,1,5,6,33,25,118,83
0,Ismaël Traoré,Jean-Kevin Duverne,(4-3-3),(4-2-3-1),53%,47%,443 of 565 — 78%,77% — 385 of 501,4 of 12 — 33%,38% — 5 of 13,4 of 5 — 80%,25% — 1 of 4,3.0,0,2.0,0,17,21,6,1,19,12,662,632,16,29,14,16,14,26,10,19,5,1,9,5,26,14,69,92
0,Wissam Ben Yedder,Stefan Mitrović,(4-3-3),(4-1-2-1-2),57%,43%,463 of 576 — 80%,77% — 338 of 441,5 of 11 — 45%,50% — 4 of 8,3 of 4 — 75%,40% — 2 of 5,4.5,1,1.0,0,11,12,6,2,16,25,675,543,18,13,9,19,10,13,21,18,3,5,3,6,23,25,79,82
0,Fabien Lemoine,Marcelo,(5-4-1),(3-4-1-2),31%,69%,237 of 333 — 71%,89% — 650 of 733,2 of 4 — 50%,32% — 6 of 19,5 of 6 — 83%,50% — 1 of 2,2.0,0,0.0,0,19,7,1,5,8,30,435,832,26,5,15,9,13,9,27,3,1,0,15,4,11,28,71,57
0,Yunis Abdelhamid,Marquinhos,(4-1-4-1),(4-1-4-1),36%,64%,326 of 396 — 82%,89% — 638 of 715,3 of 8 — 38%,33% — 7 of 21,5 of 7 — 71%,100% — 3 of 3,2.0,0,2.0,0,11,10,3,7,14,19,488,801,11,14,18,7,4,1,19,8,1,1,19,7,8,9,44,45
0,Marquinhos,Ismaël Traoré,(4-4-2),(5-4-1),57%,43%,606 of 672 — 90%,86% — 439 of 508,12 of 18 — 67%,25% — 2 of 8,1 of 2 — 50%,50% — 6 of 12,1.0,0,2.0,0,11,9,6,2,11,10,780,595,21,19,11,10,6,5,5,10,2,0,5,8,11,12,26,47
0,Yannick Cahuzac,Jessy Moulin,(3-4-1-2),(4-1-4-1),66%,34%,485 of 587 — 83%,72% — 220 of 307,4 of 12 — 33%,50% — 1 of 2,1 of 1 — 100%,75% — 3 of 4,1.0,0,1.0,2,23,10,12,0,28,5,687,420,25,13,5,8,26,14,8,23,2,0,3,11,21,25,95,61
0,Dante,Nicolas Pallois,(4-1-4-1),(4-2-3-1),73%,27%,716 of 819 — 87%,70% — 213 of 303,8 of 19 — 42%,0% — 0 of 10,0 of 0 — %,75% — 6 of 8,2.0,0,1.0,1,13,8,9,2,27,10,931,412,15,18,18,20,10,8,4,24,2,2,7,12,29,10,49,56
0,Vitorino Hilton,Anthony Briançon,(3-4-1-2),(4-3-3),53%,47%,334 of 473 — 71%,75% — 316 of 422,2 of 12 — 17%,13% — 1 of 8,0 of 1 — 0%,100% — 2 of 2,2.0,0,1.0,0,14,15,8,2,23,16,562,545,14,13,11,16,24,21,7,20,2,0,6,9,37,20,100,88
0,Stefan Mitrović,José Fonte,(4-4-2),(4-4-1-1),47%,53%,377 of 485 — 78%,83% — 459 of 554,2 of 15 — 13%,50% — 6 of 12,3 of 6 — 50%,100% — 2 of 2,1.0,0,1.0,0,11,10,11,1,32,5,578,669,16,23,17,7,21,12,8,22,0,2,7,13,25,10,108,49
0,Laurent Koscielny,Bruno Ecuele Manga,(4-2-3-1),(4-3-3),50%,50%,449 of 535 — 84%,81% — 435 of 536,7 of 17 — 41%,20% — 1 of 5,1 of 1 — 100%,57% — 4 of 7,2.0,0,3.0,0,15,14,5,4,17,14,646,640,19,18,24,7,12,5,8,15,2,0,4,10,16,20,65,53
0,John Boye,Fabien Lemoine,(4-2-3-1),(5-4-1),58%,42%,489 of 585 — 84%,75% — 319 of 426,7 of 15 — 47%,40% — 4 of 10,3 of 4 — 75%,71% — 5 of 7,1.0,0,2.0,0,10,15,4,3,24,15,699,527,13,19,21,9,17,7,11,15,0,1,7,10,21,19,83,59
0,Jean-Kevin Duverne,Wissam Ben Yedder,(4-2-3-1),(4-3-3),29%,71%,184 of 293 — 63%,84% — 597 of 711,5 of 7 — 71%,10% — 2 of 21,2 of 2 — 100%,80% — 4 of 5,3.0,0,4.0,0,10,17,1,8,10,31,415,822,23,11,18,13,20,23,26,16,1,0,13,3,21,29,84,80
0,Damien Da Silva,Yunis Abdelhamid,(4-1-4-1),(4-4-2),73%,27%,613 of 715 — 86%,68% — 178 of 263,3 of 19 — 16%,44% — 4 of 9,2 of 4 — 50%,33% — 1 of 3,4.0,0,3.0,0,12,16,10,2,37,9,809,382,8,18,7,11,15,8,5,30,0,2,7,15,26,16,71,54
0,Leo Dubois,Steve Mandanda,(4-2-3-1),(4-1-4-1),68%,32%,504 of 610 — 83%,71% — 207 of 293,2 of 23 — 9%,33% — 1 of 3,0 of 1 — 0%,100% — 2 of 2,1.0,0,2.0,1,14,10,19,5,51,8,709,418,17,13,8,11,20,12,13,46,1,0,3,17,21,13,70,53
0,Bruno Ecuele Manga,Hamari Traoré,(4-2-3-1),(4-3-3),40%,60%,305 of 398 — 77%,80% — 486 of 604,4 of 12 — 33%,25% — 3 of 12,2 of 3 — 66%,75% — 3 of 4,4.0,0,2.0,0,22,13,3,5,10,20,532,706,17,21,15,14,12,19,30,9,2,1,6,8,20,16,80,67
0,Renaud Ripart,Presnel Kimpembe,(4-3-3),(4-3-3),25%,75%,165 of 256 — 64%,88% — 661 of 749,2 of 5 — 40%,37% — 11 of 30,7 of 11 — 63%,100% — 2 of 2,1.0,1,2.0,0,10,12,1,9,7,25,370,845,12,11,13,9,9,20,22,8,1,0,17,3,23,14,63,36
0,Yunis Abdelhamid,Jérémy Morel,(4-2-3-1),(4-4-2),47%,53%,284 of 389 — 73%,73% — 322 of 439,3 of 6 — 50%,23% — 3 of 13,1 of 3 — 33%,66% — 2 of 3,4.0,2,1.0,0,14,11,3,6,14,22,505,541,13,21,11,20,18,17,23,12,2,2,9,5,26,23,70,88
0,Steve Mandanda,Benoît Costil,(4-1-2-1-2),(4-2-3-1),56%,44%,456 of 560 — 81%,77% — 346 of 448,3 of 5 — 60%,50% — 4 of 8,3 of 4 — 75%,33% — 1 of 3,3.0,0,1.0,0,13,13,6,10,12,16,662,550,16,13,11,18,16,15,12,11,2,1,0,5,21,23,85,62
0,Stefan Mitrović,Memphis,(4-1-4-1),(4-3-3),53%,47%,306 of 432 — 71%,74% — 283 of 384,8 of 19 — 42%,43% — 6 of 14,3 of 6 — 50%,75% — 6 of 8,2.0,0,3.0,0,13,8,4,2,31,8,531,501,16,12,12,13,23,16,8,35,3,2,6,9,24,23,84,66
0,Nicolas Pallois,Jean-Kevin Duverne,(4-2-3-1),(4-2-3-1),40%,60%,263 of 383 — 69%,79% — 457 of 575,8 of 12 — 67%,36% — 5 of 14,4 of 5 — 80%,62% — 5 of 8,3.0,0,2.0,0,15,15,2,6,10,20,486,685,20,17,12,15,27,29,12,5,6,3,12,3,18,27,69,93
0,Ismaël Traoré,John Boye,(4-1-4-1),(4-2-3-1),47%,53%,360 of 475 — 76%,80% — 431 of 541,1 of 6 — 17%,43% — 3 of 7,2 of 3 — 66%,100% — 1 of 1,4.0,0,2.0,0,18,13,2,5,17,17,580,665,22,29,12,17,20,14,16,17,2,1,8,4,25,25,68,80
0,Wissam Ben Yedder,Vitorino Hilton,(4-3-3),(3-4-1-2),80%,20%,636 of 764 — 83%,52% — 102 of 195,6 of 20 — 30%,67% — 2 of 3,1 of 2 — 50%,100% — 6 of 6,2.0,0,1.0,1,13,13,10,2,44,8,849,329,13,8,7,21,23,20,3,47,2,3,2,18,33,13,87,78
0,Romain Hamouma,Dante,(3-4-1-2),(3-4-3),46%,54%,381 of 480 — 79%,81% — 459 of 568,4 of 11 — 36%,50% — 5 of 10,2 of 5 — 40%,75% — 3 of 4,2.0,0,5.0,0,15,10,7,3,27,10,585,681,18,27,12,10,10,5,8,24,2,1,6,10,19,27,77,69
0,José Fonte,Yannick Cahuzac,(4-4-2),(3-4-1-2),57%,43%,461 of 558 — 83%,74% — 311 of 421,6 of 16 — 38%,29% — 2 of 7,2 of 2 — 100%,33% — 2 of 6,0.0,0,4.5,1,13,16,7,2,13,9,660,520,11,23,11,10,13,14,10,9,1,1,5,5,25,16,50,64
0,Damien Da Silva,Ismaël Traoré,(4-1-4-1),(4-2-3-1),63%,37%,648 of 747 — 87%,80% — 348 of 434,1 of 11 — 9%,40% — 4 of 10,2 of 4 — 50%,0% — 0 of 1,2.0,0,0.0,0,11,5,5,4,28,10,852,569,19,17,10,17,12,9,7,35,2,2,1,10,23,20,68,56
0,Jérémy Morel,Steve Mandanda,(4-4-2),(4-3-1-2),36%,64%,235 of 346 — 68%,79% — 479 of 603,3 of 12 — 25%,20% — 3 of 15,2 of 3 — 66%,100% — 3 of 3,3.0,0,3.0,0,10,12,6,4,23,10,473,716,25,23,20,10,28,17,8,23,1,0,12,13,38,35,71,88
0,Marquinhos,Bruno Ecuele Manga,(4-3-3),(4-3-3),55%,45%,510 of 567 — 90%,86% — 394 of 458,9 of 20 — 45%,19% — 3 of 16,3 of 3 — 100%,55% — 5 of 9,0.0,0,2.0,0,12,18,4,10,12,24,672,548,21,15,11,12,8,4,18,9,2,0,8,8,11,9,33,46
0,Vitorino Hilton,Yunis Abdelhamid,(3-4-1-2),(4-4-2),33%,67%,277 of 358 — 77%,90% — 657 of 726,1 of 5 — 20%,32% — 7 of 22,5 of 7 — 71%,100% — 1 of 1,1.0,2,0.0,0,7,11,3,8,12,27,432,816,10,14,9,5,8,13,19,12,0,2,8,4,18,7,66,66
0,Benoît Costil,Anthony Briançon,(4-2-3-1),(4-3-3),59%,41%,519 of 602 — 86%,78% — 328 of 422,5 of 19 — 26%,50% — 4 of 8,4 of 4 — 100%,80% — 4 of 5,3.0,0,3.0,0,9,16,7,4,22,17,707,532,14,20,11,8,17,12,21,22,2,1,4,9,22,24,54,74
0,Jean-Kevin Duverne,Stefan Mitrović,(4-2-3-1),(5-3-2),63%,37%,524 of 645 — 81%,71% — 267 of 376,4 of 14 — 29%,67% — 4 of 6,2 of 4 — 50%,100% — 4 of 4,1.0,0,3.0,0,8,11,12,2,35,9,736,501,5,17,15,16,21,20,3,36,3,1,4,17,23,15,76,81
0,John Boye,Romain Hamouma,(4-3-3),(4-2-3-1),43%,57%,257 of 375 — 69%,77% — 388 of 503,3 of 6 — 50%,0% — 0 of 10,0 of 0 — %,66% — 2 of 3,3.0,0,3.0,0,11,18,5,3,16,19,503,639,22,21,22,15,20,25,21,21,1,1,5,6,31,36,80,67
0,Dante,José Fonte,(5-3-2),(4-4-2),53%,47%,510 of 592 — 86%,86% — 450 of 523,3 of 8 — 38%,33% — 4 of 12,3 of 4 — 75%,66% — 2 of 3,1.0,0,6.0,0,13,19,5,3,17,11,669,611,13,15,9,19,4,4,7,16,1,3,11,5,14,10,70,56
0,Memphis,Wissam Ben Yedder,(4-4-1-1),(4-3-3),35%,65%,254 of 330 — 77%,83% — 510 of 615,5 of 14 — 36%,24% — 4 of 17,4 of 4 — 100%,40% — 2 of 5,3.0,1,4.0,0,12,15,2,12,11,30,473,720,15,16,16,11,7,12,29,8,3,0,7,6,18,18,60,71
0,Damien Da Silva,Jean-Kevin Duverne,(4-1-4-1),(4-4-2),68%,32%,762 of 861 — 89%,76% — 303 of 399,8 of 24 — 33%,44% — 4 of 9,3 of 4 — 75%,75% — 6 of 8,1.0,0,3.0,0,2,12,8,1,28,10,955,508,6,11,15,20,17,15,9,21,0,3,4,7,17,17,80,76
0,Imran Louza,Keylor Navas,(4-2-3-1),(4-3-3),37%,63%,371 of 457 — 81%,89% — 703 of 789,0 of 5 — 0%,25% — 3 of 12,1 of 3 — 33%,% — 0 of 0,2.0,0,1.0,0,12,13,2,4,11,17,539,867,15,12,16,5,9,10,17,7,0,4,5,6,13,18,52,45
0,Romain Hamouma,Andy Delort,(4-3-3),(4-3-3),54%,46%,423 of 525 — 81%,78% — 347 of 447,0 of 8 — 0%,20% — 2 of 10,1 of 2 — 50%,% — 0 of 0,3.0,0,3.0,0,16,17,8,2,27,15,635,542,17,11,13,14,12,25,12,25,0,2,6,8,22,32,66,88
0,Bruno Ecuele Manga,Jérémy Morel,(4-2-3-1),(4-4-2),54%,46%,399 of 526 — 76%,74% — 339 of 456,2 of 11 — 18%,13% — 1 of 8,1 of 1 — 100%,100% — 2 of 2,2.0,0,1.0,0,18,13,9,7,18,21,623,563,12,12,8,15,14,16,26,25,3,3,5,8,27,19,81,77
0,Anthony Briançon,Dylan Bronn,(4-4-2),(4-2-3-1),67%,33%,511 of 649 — 79%,66% — 209 of 315,2 of 16 — 13%,63% — 5 of 8,4 of 5 — 80%,100% — 2 of 2,3.0,0,2.0,1,13,15,10,1,39,9,728,447,12,21,9,22,24,23,8,30,1,1,3,14,42,16,103,78
0,Ismaël Traoré,Dante,(4-2-3-1),(5-4-1),52%,48%,437 of 537 — 81%,81% — 407 of 501,5 of 11 — 45%,36% — 4 of 11,2 of 4 — 50%,100% — 5 of 5,5.0,0,2.0,0,18,12,9,5,29,13,635,623,22,22,4,11,11,13,9,28,0,1,2,5,25,19,51,67
0,Yunis Abdelhamid,Stefan Mitrović,(4-4-2),(5-3-2),51%,49%,405 of 492 — 82%,80% — 374 of 465,4 of 12 — 33%,14% — 1 of 7,1 of 1 — 100%,75% — 3 of 4,0.0,0,2.0,0,13,13,5,3,14,25,605,562,19,16,12,12,15,18,34,16,0,0,7,8,23,29,88,90
0,Wissam Ben Yedder,Laurent Koscielny,(4-2-3-1),(4-1-4-1),52%,48%,428 of 506 — 85%,81% — 381 of 469,5 of 16 — 31%,0% — 0 of 5,0 of 0 — %,40% — 2 of 5,2.0,0,2.0,0,10,12,10,4,19,8,592,548,16,12,13,6,13,15,12,15,2,1,3,10,8,16,71,51
0,José Fonte,Memphis,(4-4-2),(4-3-3),60%,40%,563 of 660 — 85%,81% — 354 of 438,6 of 15 — 40%,13% — 1 of 8,1 of 1 — 100%,83% — 5 of 6,3.0,0,4.5,0,14,10,9,4,29,12,763,554,19,19,9,15,13,18,7,27,0,0,5,9,26,20,81,64
0,Stefan Mitrović,Steve Mandanda,(4-2-3-1),(4-1-2-1-2),53%,47%,401 of 551 — 73%,76% — 378 of 497,2 of 9 — 22%,100% — 1 of 1,0 of 1 — 0%,100% — 2 of 2,0.0,0,4.0,0,13,17,2,2,20,11,665,630,23,19,8,17,15,31,16,28,0,0,3,8,36,19,101,74
0,Laurent Koscielny,Andy Delort,(4-2-3-1),(4-3-3),52%,48%,466 of 553 — 84%,82% — 414 of 504,1 of 9 — 11%,33% — 3 of 9,1 of 3 — 33%,100% — 1 of 1,2.0,0,1.0,0,14,10,3,5,11,18,637,596,11,11,5,6,16,11,19,18,0,0,4,9,18,18,49,89
0,Marquinhos,Damien Da Silva,(4-3-3),(4-1-4-1),49%,51%,451 of 536 — 84%,83% — 464 of 559,5 of 9 — 56%,19% — 3 of 16,3 of 3 — 100%,60% — 3 of 5,3.0,0,0.0,0,19,15,2,7,7,26,637,645,7,14,18,17,12,12,23,6,1,1,10,3,15,16,67,66
0,Jean-Kevin Duverne,José Fonte,(4-4-2),(4-4-2),37%,63%,260 of 352 — 74%,85% — 517 of 610,8 of 12 — 67%,29% — 6 of 21,5 of 6 — 83%,62% — 5 of 8,4.0,0,3.0,0,13,15,3,11,18,34,457,715,12,11,12,10,12,26,25,20,1,5,13,7,13,22,82,67
0,John Boye,Bruno Ecuele Manga,(4-2-3-1),(4-2-3-1),45%,55%,348 of 432 — 81%,83% — 430 of 520,3 of 14 — 21%,43% — 6 of 14,5 of 6 — 83%,66% — 2 of 3,2.0,0,1.0,0,19,12,5,6,25,15,529,621,13,14,7,5,19,20,17,18,1,0,6,9,23,17,67,60
0,Jérémy Morel,Nicolas Pallois,(4-4-2),(4-2-3-1),48%,52%,312 of 446 — 70%,73% — 360 of 492,4 of 18 — 22%,25% — 4 of 16,2 of 4 — 50%,100% — 4 of 4,3.0,0,1.0,0,18,10,5,5,14,21,582,610,22,20,19,6,28,21,18,13,0,0,9,8,27,32,90,96
0,Anthony Briançon,Ismaël Traoré,(4-3-3),(4-2-3-1),59%,41%,433 of 544 — 80%,73% — 270 of 371,4 of 11 — 36%,41% — 7 of 17,3 of 7 — 42%,75% — 3 of 4,2.0,0,5.0,0,14,17,6,2,30,10,632,478,12,9,12,12,11,16,10,18,1,0,4,6,20,26,78,74
0,Jean-Louis Leca,Yunis Abdelhamid,(3-4-1-2),(4-4-2),62%,38%,518 of 633 — 82%,72% — 276 of 381,5 of 14 — 36%,75% — 6 of 8,3 of 6 — 50%,40% — 2 of 5,3.0,0,1.0,0,12,7,9,1,37,4,724,490,18,16,13,15,18,14,6,22,1,1,1,7,18,24,78,85
0,Pierre Lees-Melou,Wissam Ben Yedder,(3-5-2),(4-4-2),63%,37%,544 of 652 — 83%,75% — 290 of 388,4 of 8 — 50%,53% — 8 of 15,6 of 8 — 75%,75% — 3 of 4,2.0,0,2.0,0,8,16,1,4,16,10,743,513,11,23,10,10,18,13,11,21,2,1,6,6,28,13,69,73
0,Memphis,Jessy Moulin,(4-3-3),(4-4-2),60%,40%,397 of 498 — 80%,66% — 221 of 333,6 of 18 — 33%,29% — 4 of 14,4 of 4 — 100%,66% — 4 of 6,5.0,0,3.0,0,19,19,3,5,7,17,642,459,20,31,10,18,24,9,18,8,3,0,4,10,35,24,46,77
0,Damien Da Silva,Laurent Koscielny,(4-2-3-1),(4-2-3-1),59%,41%,447 of 581 — 77%,73% — 297 of 408,2 of 14 — 14%,50% — 3 of 6,2 of 3 — 66%,100% — 2 of 2,2.0,0,2.0,0,18,19,7,3,25,9,684,548,22,15,4,15,21,23,9,33,3,1,2,10,28,26,72,72
0,Axel Disasi,Presnel Kimpembe,(4-4-1-1),(4-4-2),52%,48%,475 of 569 — 83%,85% — 445 of 521,4 of 14 — 29%,38% — 3 of 8,2 of 3 — 66%,50% — 2 of 4,2.0,0,3.0,1,12,19,2,1,15,9,671,630,26,13,17,15,2,4,10,15,0,4,5,13,10,13,49,39
0,Jean-Kevin Duverne,Jessy Moulin,(4-4-2),(4-4-2),41%,59%,325 of 433 — 75%,83% — 529 of 634,5 of 10 — 50%,6% — 1 of 17,0 of 1 — 0%,20% — 1 of 5,1.0,0,1.0,0,12,10,5,6,10,36,561,744,20,15,11,7,21,19,28,7,0,0,11,6,13,34,83,79
0,Abdoulaye Touré,John Boye,(4-2-3-1),(4-3-3),66%,34%,520 of 621 — 84%,69% — 225 of 325,5 of 18 — 28%,30% — 3 of 10,3 of 3 — 100%,80% — 4 of 5,2.0,0,3.0,0,18,15,6,2,17,18,743,464,20,26,9,16,23,14,20,19,2,2,4,7,28,24,63,76
0,Bruno Ecuele Manga,Yannick Cahuzac,(4-2-3-1),(3-4-3),53%,47%,454 of 572 — 79%,78% — 389 of 501,2 of 11 — 18%,50% — 4 of 8,3 of 4 — 75%,100% — 2 of 2,2.0,0,0.0,0,15,7,8,6,22,19,688,628,19,19,14,23,21,23,16,22,1,1,6,4,32,17,96,73
0,Andy Delort,Stefan Mitrović,(4-3-3),(4-4-2),57%,43%,440 of 527 — 83%,75% — 302 of 405,9 of 21 — 43%,43% — 3 of 7,2 of 3 — 66%,55% — 5 of 9,2.0,0,1.0,0,16,11,11,3,29,12,640,496,9,10,10,17,20,21,18,22,0,1,5,12,7,18,64,80
0,Yunis Abdelhamid,Renaud Ripart,(4-4-2),(4-3-3),70%,30%,556 of 681 — 82%,64% — 188 of 292,6 of 16 — 38%,80% — 4 of 5,4 of 4 — 100%,100% — 6 of 6,3.0,0,1.0,0,18,11,7,1,29,8,788,439,20,13,12,21,22,14,7,35,4,1,5,6,22,28,88,85
0,Ismaël Traoré,Memphis,(4-2-3-1),(4-3-3),50%,50%,398 of 510 — 78%,81% — 415 of 510,7 of 19 — 37%,40% — 2 of 5,1 of 2 — 50%,100% — 7 of 7,2.0,0,3.0,0,12,12,8,3,33,16,628,640,19,14,16,13,11,8,19,27,0,3,8,10,17,24,68,49
0,Benjamin André,Jérémy Morel,(4-4-2),(4-4-1-1),64%,36%,632 of 744 — 85%,76% — 324 of 424,13 of 31 — 42%,29% — 2 of 7,2 of 2 — 100%,69% — 9 of 13,1.0,0,3.0,0,10,11,9,4,22,7,859,560,19,28,17,16,10,11,4,18,0,0,1,11,23,13,79,73
0,Yannick Cahuzac,Nicolas Pallois,(3-4-1-2),(4-4-2),49%,51%,348 of 481 — 72%,76% — 377 of 494,1 of 7 — 14%,20% — 2 of 10,2 of 2 — 100%,0% — 0 of 1,4.0,0,2.0,0,14,18,6,2,16,10,578,606,23,9,9,10,30,21,11,14,1,0,8,6,25,28,91,76
0,Stefan Mitrović,Damien Da Silva,(4-1-2-1-2),(4-1-4-1),32%,68%,226 of 321 — 70%,85% — 581 of 682,3 of 6 — 50%,33% — 7 of 21,6 of 7 — 85%,66% — 2 of 3,0.0,1,0.0,0,11,12,2,7,8,38,431,770,16,9,14,10,19,21,29,11,1,0,12,6,19,20,81,65
0,Steve Mandanda,Nicolas Pallois,(4-2-3-1),(4-2-3-1),57%,43%,429 of 524 — 82%,78% — 305 of 392,8 of 14 — 57%,33% — 2 of 6,1 of 2 — 50%,75% — 6 of 8,4.0,0,2.0,0,16,11,3,7,12,23,637,505,21,18,9,12,8,6,21,9,2,1,2,9,28,22,63,47
0,Presnel Kimpembe,Laurent Koscielny,(4-2-2-2),(4-4-2),65%,35%,577 of 679 — 85%,76% — 275 of 360,8 of 15 — 53%,22% — 4 of 18,3 of 4 — 75%,87% — 7 of 8,1.0,0,1.0,0,8,10,14,5,28,13,804,510,20,20,11,22,10,8,15,38,4,1,9,11,12,15,42,66
0,Memphis,Yunis Abdelhamid,(4-3-3),(4-4-2),64%,36%,592 of 667 — 89%,80% — 301 of 377,4 of 15 — 27%,22% — 2 of 9,2 of 2 — 100%,25% — 1 of 4,2.0,0,1.0,1,20,11,4,2,13,11,768,478,17,24,9,12,11,5,13,13,3,3,6,12,13,8,33,59
0,John Boye,Jean-Kevin Duverne,(4-2-3-1),(4-4-2),46%,54%,397 of 494 — 80%,83% — 480 of 576,6 of 15 — 40%,36% — 4 of 11,2 of 4 — 50%,100% — 6 of 6,2.0,0,1.0,0,11,10,10,5,28,17,587,705,14,26,17,12,12,18,11,33,0,2,7,5,7,18,60,79
0,Laurent Abergel,Andy Delort,(4-2-3-1),(4-1-4-1),42%,58%,293 of 401 — 73%,79% — 431 of 546,2 of 8 — 25%,20% — 3 of 15,2 of 3 — 66%,100% — 2 of 2,2.0,0,1.0,0,13,14,2,4,14,22,510,642,15,12,13,12,15,25,25,13,3,1,9,10,25,23,71,98
0,Axel Disasi,Renaud Ripart,(4-4-1-1),(4-3-3),67%,33%,571 of 670 — 85%,69% — 224 of 325,5 of 17 — 29%,33% — 2 of 6,2 of 2 — 100%,40% — 2 of 5,1.0,0,1.0,1,16,9,8,3,27,14,772,432,17,18,14,7,23,12,7,26,2,1,5,16,19,13,87,70
0,Jean-Louis Leca,Ismaël Traoré,(3-4-1-2),(4-2-3-1),64%,36%,579 of 672 — 86%,76% — 287 of 376,5 of 13 — 38%,33% — 6 of 18,3 of 6 — 50%,80% — 4 of 5,2.0,0,2.0,0,15,13,1,7,24,14,769,498,17,15,10,18,15,8,11,25,0,1,7,8,20,16,38,60
0,Pierre Lees-Melou,Bruno Ecuele Manga,(4-3-3),(4-2-3-1),61%,39%,561 of 664 — 84%,79% — 331 of 419,5 of 22 — 23%,44% — 4 of 9,1 of 4 — 25%,100% — 5 of 5,3.0,0,3.0,0,7,21,11,1,16,9,796,546,19,15,10,19,9,9,13,27,5,0,5,11,17,23,45,77
0,Mathieu Debuchy,José Fonte,(4-4-2),(4-4-2),38%,62%,269 of 384 — 70%,79% — 492 of 626,4 of 6 — 67%,22% — 2 of 9,1 of 2 — 50%,100% — 4 of 4,4.0,0,1.0,0,15,13,3,3,10,19,521,734,23,27,12,12,18,17,24,8,1,2,6,6,14,25,66,74
0,Renaud Ripart,Steve Mandanda,(4-4-2),(4-1-2-1-2),32%,68%,223 of 323 — 69%,83% — 571 of 686,0 of 7 — 0%,24% — 4 of 17,2 of 4 — 50%,% — 0 of 0,4.5,0,4.0,0,11,18,1,8,8,23,437,773,10,13,12,9,12,18,16,7,2,4,6,8,14,17,68,82
0,Damien Da Silva,Yannick Cahuzac,(4-1-4-1),(3-4-1-2),60%,40%,419 of 561 — 75%,65% — 242 of 374,4 of 10 — 40%,67% — 4 of 6,2 of 4 — 50%,100% — 4 of 4,1.0,0,3.0,0,17,16,8,3,27,13,668,497,19,18,8,12,30,24,17,27,0,1,7,8,30,17,90,85
0,Daniel Congré,Keylor Navas,(4-3-3),(5-3-2),35%,65%,295 of 392 — 75%,88% — 625 of 714,2 of 17 — 12%,46% — 6 of 13,3 of 6 — 50%,50% — 1 of 2,1.0,0,3.0,0,12,14,3,3,16,14,522,835,21,18,13,13,14,17,14,13,1,2,9,8,15,15,64,37
0,José Fonte,Wissam Ben Yedder,(4-4-2),(4-4-2),42%,58%,366 of 465 — 79%,81% — 521 of 640,5 of 10 — 50%,38% — 3 of 8,2 of 3 — 66%,60% — 3 of 5,3.0,0,0.0,0,12,11,1,3,4,25,595,742,21,23,13,8,15,14,25,9,0,0,6,4,27,26,81,71
0,Bruno Ecuele Manga,Jessy Moulin,(4-2-3-1),(4-4-2),41%,59%,270 of 416 — 65%,76% — 454 of 597,1 of 6 — 17%,29% — 2 of 7,2 of 2 — 100%,100% — 1 of 1,0.0,0,1.0,0,15,13,7,4,17,30,538,722,16,17,15,22,31,32,29,17,0,2,14,5,28,33,92,68
0,Nicolas Pallois,Adrien Thomasson,(4-2-3-1),(4-2-3-1),62%,38%,517 of 621 — 83%,74% — 283 of 381,2 of 14 — 14%,60% — 6 of 10,4 of 6 — 66%,100% — 2 of 2,3.0,0,2.0,0,13,13,7,3,24,7,713,496,14,16,8,21,12,25,11,17,1,2,6,7,23,18,47,95
0,Benoît Costil,Jean-Kevin Duverne,(4-4-2),(4-4-2),58%,42%,624 of 705 — 89%,82% — 421 of 512,6 of 21 — 29%,38% — 3 of 8,3 of 3 — 100%,83% — 5 of 6,0.0,0,3.0,0,10,11,8,2,22,13,806,592,10,11,11,7,12,19,18,22,1,4,4,9,10,13,68,64
0,Ismaël Traoré,Fabien Lemoine,(4-2-3-1),(4-3-3),48%,52%,364 of 491 — 74%,75% — 399 of 532,3 of 10 — 30%,25% — 3 of 12,3 of 3 — 100%,33% — 1 of 3,3.0,0,0.0,0,13,11,2,12,9,32,656,678,24,27,9,15,24,19,35,13,1,0,14,6,27,21,95,91
0,Yunis Abdelhamid,Morgan Schneiderlin,(4-2-3-1),(3-4-3),35%,65%,271 of 380 — 71%,82% — 568 of 694,2 of 11 — 18%,33% — 4 of 12,4 of 4 — 100%,100% — 2 of 2,1.0,0,2.0,0,12,13,6,6,14,16,507,805,16,22,13,17,12,9,20,23,3,1,6,10,18,31,65,65
0,John Boye,Memphis,(4-3-3),(4-3-3),46%,54%,393 of 478 — 82%,86% — 483 of 560,4 of 11 — 36%,28% — 5 of 18,2 of 5 — 40%,75% — 3 of 4,1.0,1,0.0,1,14,14,5,6,20,16,577,655,14,12,10,19,4,11,14,12,0,1,8,8,4,9,64,70
0,Mathieu Debuchy,Ismaël Traoré,(4-2-3-1),(4-2-3-1),62%,38%,571 of 684 — 83%,76% — 319 of 418,3 of 14 — 21%,38% — 3 of 8,3 of 3 — 100%,100% — 3 of 3,3.0,0,3.0,0,16,15,5,6,22,15,784,521,18,14,9,18,17,7,12,20,2,1,3,7,22,19,59,72
0,Steve Mandanda,Wissam Ben Yedder,(4-1-2-1-2),(4-4-2),39%,61%,267 of 394 — 68%,77% — 474 of 612,2 of 5 — 40%,38% — 3 of 8,3 of 3 — 100%,0% — 0 of 2,3.0,0,2.0,0,22,10,1,3,10,21,525,720,23,16,12,10,22,22,23,11,1,4,8,4,24,34,82,72
0,Yannick Cahuzac,Andy Delort,(3-4-1-2),(4-3-3),59%,41%,481 of 587 — 82%,72% — 291 of 403,3 of 13 — 23%,70% — 7 of 10,4 of 7 — 57%,100% — 3 of 3,1.0,0,1.0,0,11,14,6,4,26,20,687,514,16,13,7,18,27,23,16,26,1,0,4,11,29,19,62,91
0,Morgan Schneiderlin,Damien Da Silva,(3-4-3),(4-1-4-1),54%,46%,493 of 590 — 84%,82% — 414 of 503,3 of 11 — 27%,31% — 5 of 16,4 of 5 — 80%,100% — 3 of 3,2.0,0,1.0,0,16,10,3,6,19,17,684,608,11,22,14,12,11,12,11,17,1,1,9,12,14,17,58,74
0,Jean-Kevin Duverne,Yunis Abdelhamid,(4-4-2),(4-4-2),51%,49%,416 of 524 — 79%,81% — 399 of 494,5 of 9 — 56%,40% — 4 of 10,3 of 4 — 75%,60% — 3 of 5,1.0,0,1.0,0,12,11,3,3,13,18,605,592,11,11,8,12,17,9,18,11,1,3,11,10,21,17,80,77
0,Fabien Lemoine,Renaud Ripart,(4-3-3),(3-4-3),44%,56%,325 of 443 — 73%,76% — 431 of 566,4 of 12 — 33%,33% — 2 of 6,2 of 2 — 100%,50% — 2 of 4,2.0,0,0.0,0,18,7,2,3,10,20,571,663,14,16,11,16,20,19,36,10,2,0,8,6,29,39,65,94
0,Adrien Thomasson,Dylan Bronn,(4-2-3-1),(3-1-4-2),57%,43%,436 of 558 — 78%,72% — 304 of 424,4 of 17 — 24%,25% — 1 of 4,0 of 1 — 0%,50% — 2 of 4,3.0,0,5.0,0,11,16,5,4,25,12,651,516,12,14,13,15,13,26,6,19,0,2,3,17,26,19,89,76
0,Nicolas Pallois,Bruno Ecuele Manga,(4-3-3),(4-2-3-1),38%,62%,256 of 387 — 66%,80% — 513 of 640,5 of 16 — 31%,23% — 3 of 13,2 of 3 — 66%,100% — 5 of 5,2.0,0,2.0,0,11,16,4,4,19,29,513,750,15,10,18,17,21,10,30,9,0,3,7,6,27,30,79,84
0,José Fonte,Benoît Costil,(4-4-2),(4-4-2),56%,44%,473 of 579 — 82%,79% — 362 of 459,5 of 15 — 33%,75% — 3 of 4,2 of 3 — 66%,60% — 3 of 5,0.0,0,2.0,0,14,10,8,3,22,13,696,570,29,14,14,19,18,12,17,22,2,0,3,9,24,19,70,61
0,Presnel Kimpembe,Memphis,(3-5-2),(4-3-3),64%,36%,572 of 656 — 87%,77% — 281 of 367,1 of 7 — 14%,56% — 5 of 9,4 of 5 — 80%,100% — 1 of 1,4.0,0,1.0,1,11,17,5,5,25,11,756,484,12,17,12,12,5,11,10,24,2,3,5,8,20,21,42,68
0,Ismaël Traoré,Adrien Thomasson,(4-2-3-1),(4-2-3-1),57%,43%,481 of 589 — 82%,78% — 354 of 453,2 of 9 — 22%,43% — 3 of 7,1 of 3 — 33%,100% — 2 of 2,1.0,0,2.0,0,9,11,6,2,22,16,676,565,17,19,10,15,15,16,10,24,1,1,3,8,36,16,65,74
0,Bruno Ecuele Manga,José Fonte,(4-2-3-1),(4-4-1-1),47%,53%,362 of 457 — 79%,80% — 418 of 522,1 of 6 — 17%,50% — 5 of 10,3 of 5 — 60%,100% — 1 of 1,0.0,0,0.0,0,21,8,5,4,13,13,556,607,9,15,21,17,9,16,20,8,0,2,6,7,20,21,74,65
0,Loïck Landre,Morgan Schneiderlin,(4-2-3-1),(3-4-3),45%,55%,374 of 465 — 80%,85% — 483 of 566,4 of 15 — 27%,43% — 6 of 14,4 of 6 — 66%,100% — 4 of 4,1.0,0,3.5,0,8,10,4,5,16,12,581,667,21,17,18,11,14,9,18,17,1,0,11,13,26,24,70,56
0,Andy Delort,John Boye,(4-3-3),(5-3-2),59%,41%,460 of 582 — 79%,80% — 324 of 407,3 of 14 — 21%,50% — 4 of 8,3 of 4 — 75%,100% — 3 of 3,3.0,0,3.0,0,11,9,10,2,41,10,671,547,13,15,5,16,18,16,7,34,0,1,5,18,19,9,83,80
0,Yunis Abdelhamid,Nicolas Pallois,(4-4-2),(4-3-3),46%,54%,342 of 441 — 78%,79% — 406 of 516,3 of 12 — 25%,39% — 7 of 18,5 of 7 — 71%,33% — 1 of 3,2.0,0,2.0,0,13,13,3,6,13,23,572,635,18,19,11,16,21,17,27,18,4,0,8,9,28,21,77,72
0,Marcelo,Jean-Kevin Duverne,(4-3-3),(4-2-3-1),56%,44%,496 of 586 — 85%,80% — 366 of 455,10 of 27 — 37%,14% — 1 of 7,1 of 1 — 100%,90% — 9 of 10,3.0,0,0.0,1,13,5,12,3,33,5,694,558,9,10,12,13,9,8,9,32,1,2,3,10,18,18,55,53
0,Ander Herrera,Laurent Abergel,(3-5-2),(3-5-2),74%,26%,722 of 809 — 89%,70% — 195 of 279,7 of 23 — 30%,38% — 3 of 8,3 of 3 — 100%,85% — 6 of 7,3.0,0,0.0,1,19,9,9,2,18,9,922,396,18,24,8,11,16,4,7,17,0,0,5,11,14,8,40,52
0,Damien Da Silva,Steve Mandanda,(4-1-4-1),(4-3-1-2),67%,33%,523 of 640 — 82%,70% — 223 of 317,5 of 15 — 33%,13% — 1 of 8,0 of 1 — 0%,60% — 3 of 5,1.0,0,5.5,0,19,15,9,1,33,4,734,424,14,12,5,15,21,13,7,26,1,0,6,6,24,16,77,73
0,Wissam Ben Yedder,Jean-Louis Leca,(4-4-2),(3-4-1-2),32%,68%,262 of 356 — 74%,87% — 647 of 740,1 of 7 — 14%,50% — 4 of 8,1 of 4 — 25%,100% — 1 of 1,2.0,1,4.0,0,8,17,3,3,15,13,445,828,20,17,21,13,17,18,4,8,3,0,5,4,10,12,69,69
0,Benoît Costil,Mathieu Debuchy,(4-4-2),(4-2-3-1),52%,48%,427 of 524 — 81%,82% — 388 of 475,3 of 11 — 27%,42% — 8 of 19,6 of 8 — 75%,66% — 2 of 3,3.0,0,2.0,0,12,14,3,4,13,13,633,601,20,18,13,12,14,10,11,16,2,0,10,4,26,19,64,58
0,John Boye,Yannick Cahuzac,(3-4-1-2),(3-4-1-2),39%,61%,257 of 357 — 72%,79% — 435 of 552,4 of 12 — 33%,18% — 3 of 17,3 of 3 — 100%,50% — 2 of 4,1.0,0,1.0,0,17,8,8,4,17,16,482,659,15,18,19,16,14,17,19,14,0,1,12,7,20,26,75,53
0,Steve Mandanda,Yunis Abdelhamid,(4-2-3-1),(4-5-1),70%,30%,614 of 714 — 86%,71% — 216 of 305,6 of 12 — 50%,33% — 1 of 3,1 of 1 — 100%,83% — 5 of 6,1.0,0,3.0,0,11,11,7,3,24,6,815,429,24,25,12,10,12,10,7,31,1,2,2,6,30,24,57,71
0,Walter Benítez,Memphis,(3-4-3),(4-3-3),55%,45%,553 of 641 — 86%,87% — 455 of 525,1 of 8 — 13%,67% — 8 of 12,5 of 8 — 62%,0% — 0 of 1,1.0,0,1.0,0,17,9,8,2,23,7,729,650,14,28,13,15,5,4,8,20,1,1,8,3,19,9,55,50
0,Haris Belkebla,Vitorino Hilton,(4-4-2),(5-3-2),55%,45%,520 of 601 — 87%,82% — 399 of 484,7 of 17 — 41%,40% — 4 of 10,2 of 4 — 50%,71% — 5 of 7,2.0,0,1.0,0,14,15,6,4,27,30,689,567,5,8,9,6,19,14,21,24,1,0,10,8,19,15,75,67
0,Adrien Thomasson,Benoît Costil,(4-2-3-1),(4-2-3-1),54%,46%,386 of 510 — 76%,78% — 335 of 431,3 of 10 — 30%,55% — 6 of 11,4 of 6 — 66%,100% — 3 of 3,2.0,0,1.0,0,15,12,5,3,25,7,599,558,16,19,7,13,15,22,6,28,2,3,3,5,31,26,101,69
0,Mathieu Debuchy,Zinedine Ferhat,(4-2-3-1),(4-3-3),59%,41%,444 of 536 — 83%,75% — 284 of 377,8 of 17 — 47%,38% — 3 of 8,2 of 3 — 66%,75% — 6 of 8,2.0,0,3.0,0,15,9,6,3,26,15,651,493,21,15,11,15,12,17,13,22,2,0,4,10,25,27,58,70
0,Nicolas Pallois,Ismaël Traoré,(4-1-4-1),(4-2-3-1),60%,40%,491 of 632 — 78%,68% — 289 of 427,2 of 9 — 22%,50% — 6 of 12,5 of 6 — 83%,50% — 1 of 2,3.0,0,0.0,0,16,13,5,6,23,23,766,565,25,19,8,21,19,28,20,24,0,0,11,4,20,27,71,91
0,Bruno Ecuele Manga,Wissam Ben Yedder,(4-2-3-1),(4-4-2),52%,48%,398 of 500 — 80%,76% — 347 of 454,1 of 11 — 9%,46% — 6 of 13,5 of 6 — 83%,100% — 1 of 1,2.0,0,1.0,0,13,14,2,6,18,21,610,560,11,16,12,10,19,24,13,20,3,2,8,15,26,12,73,85
0,Fabien Lemoine,Damien Da Silva,(4-2-3-1),(4-1-4-1),43%,57%,388 of 470 — 83%,85% — 526 of 622,2 of 11 — 18%,27% — 4 of 15,1 of 4 — 25%,100% — 2 of 2,1.0,0,2.0,0,19,9,1,2,11,16,576,695,16,12,18,11,16,9,9,10,0,0,6,9,18,28,73,74
0,José Fonte,Marquinhos,(4-4-1-1),(3-4-3),31%,69%,272 of 359 — 76%,87% — 694 of 802,3 of 8 — 38%,13% — 1 of 8,1 of 1 — 100%,100% — 3 of 3,0.0,0,2.0,0,12,11,4,5,6,21,470,900,19,22,22,9,9,11,15,5,2,1,9,1,12,18,60,55
0,Damien Da Silva,John Boye,(4-1-4-1),(4-4-1-1),62%,38%,554 of 667 — 83%,74% — 302 of 409,6 of 11 — 55%,44% — 4 of 9,4 of 4 — 100%,83% — 5 of 6,1.0,0,1.0,0,14,18,6,5,20,16,769,530,11,13,7,14,15,15,21,24,0,2,6,6,26,15,68,68
0,Renaud Ripart,Bruno Ecuele Manga,(4-2-3-1),(4-2-3-1),46%,54%,311 of 425 — 73%,79% — 391 of 497,1 of 8 — 13%,29% — 4 of 14,1 of 4 — 25%,0% — 0 of 1,2.0,1,2.0,0,10,11,7,3,21,17,528,601,15,14,11,5,21,25,13,22,3,5,8,9,21,24,73,84
0,Benoît Costil,Yunis Abdelhamid,(4-2-3-1),(4-1-4-1),62%,38%,615 of 711 — 86%,79% — 345 of 436,3 of 9 — 33%,50% — 5 of 10,2 of 5 — 40%,66% — 2 of 3,3.0,0,1.0,0,11,12,5,5,26,10,790,540,8,18,17,9,17,6,8,16,0,2,3,8,20,12,61,75
0,Morgan Schneiderlin,Fabien Lemoine,(3-4-3),(4-1-4-1),43%,57%,387 of 474 — 82%,86% — 545 of 636,3 of 3 — 100%,22% — 5 of 23,4 of 5 — 80%,33% — 1 of 3,3.0,1,4.0,0,11,13,0,10,5,33,561,727,9,18,11,13,8,6,22,5,1,0,14,1,26,16,62,54
0,Yannick Cahuzac,Jean-Kevin Duverne,(3-4-3),(4-4-2),47%,53%,397 of 493 — 81%,81% — 451 of 559,3 of 10 — 30%,22% — 2 of 9,2 of 2 — 100%,66% — 2 of 3,0.0,0,2.0,0,13,13,3,6,12,23,608,660,15,19,12,6,18,19,19,13,1,1,10,8,19,27,88,70
0,Ismaël Traoré,Dimitri Payet,(4-2-3-1),(4-2-3-1),31%,69%,204 of 294 — 69%,81% — 529 of 650,2 of 9 — 22%,14% — 1 of 7,0 of 1 — 0%,0% — 0 of 2,2.0,0,4.0,0,14,14,2,8,20,19,415,748,10,23,11,7,13,14,20,17,2,1,6,7,29,22,61,58
0,Memphis,Nicolas Pallois,(4-3-3),(5-4-1),64%,36%,627 of 712 — 88%,77% — 306 of 395,11 of 22 — 50%,17% — 3 of 18,3 of 3 — 100%,72% — 8 of 11,1.0,0,3.0,0,11,13,9,7,9,20,828,521,10,22,8,11,7,11,16,13,1,2,13,6,21,20,58,56
0,Marquinhos,Stefan Mitrović,(3-5-2),(3-5-1-1),69%,31%,761 of 827 — 92%,79% — 302 of 380,7 of 17 — 41%,25% — 2 of 8,2 of 2 — 100%,42% — 3 of 7,0.0,0,0.0,0,7,9,5,5,12,17,928,470,9,23,10,14,6,6,15,14,2,1,4,8,19,15,22,78
0,Vitorino Hilton,José Fonte,(4-2-2-2),(4-4-2),47%,53%,359 of 457 — 79%,84% — 426 of 510,6 of 17 — 35%,75% — 6 of 8,4 of 6 — 66%,66% — 4 of 6,3.0,0,2.0,0,13,11,6,4,29,9,551,623,13,12,5,16,14,14,10,24,0,2,4,8,20,13,71,83
0,Wissam Ben Yedder,Mathieu Debuchy,(4-4-2),(4-2-3-1),40%,60%,246 of 362 — 68%,77% — 422 of 546,2 of 2 — 100%,29% — 5 of 17,4 of 5 — 80%,0% — 0 of 2,3.0,1,2.0,0,12,13,0,10,7,36,474,635,20,9,15,8,18,24,35,6,0,2,12,1,27,31,86,68
0,Adrien Thomasson,Anthony Briançon,(4-1-2-1-2),(4-2-3-1),59%,41%,518 of 608 — 85%,81% — 337 of 417,9 of 18 — 50%,33% — 2 of 6,2 of 2 — 100%,66% — 6 of 9,1.0,0,2.0,0,12,6,10,5,30,12,712,539,19,11,18,15,13,6,10,26,0,0,4,4,21,15,62,43
0,Haris Belkebla,Morgan Schneiderlin,(4-4-2),(3-1-4-2),39%,61%,332 of 442 — 75%,84% — 578 of 692,6 of 10 — 60%,50% — 6 of 12,6 of 6 — 100%,66% — 4 of 6,2.0,0,3.0,0,12,8,6,6,11,27,556,798,16,10,13,11,20,12,26,7,2,0,11,7,12,28,76,62
0,Nicolas Pallois,Damien Da Silva,(4-4-2),(4-1-4-1),28%,72%,235 of 335 — 70%,88% — 746 of 850,2 of 7 — 29%,0% — 0 of 8,0 of 0 — %,100% — 2 of 2,2.0,0,2.0,0,13,13,6,3,15,23,443,946,14,8,14,9,19,18,24,20,0,0,5,4,15,28,64,64
0,Laurent Abergel,Wissam Ben Yedder,(4-2-3-1),(4-4-2),41%,59%,340 of 434 — 78%,85% — 519 of 613,5 of 11 — 45%,60% — 9 of 15,4 of 9 — 44%,60% — 3 of 5,1.0,1,3.0,0,9,9,5,8,15,20,552,736,11,20,15,15,13,14,15,20,2,1,3,5,22,11,49,47
0,John Boye,Benoît Costil,(5-4-1),(4-2-3-1),43%,57%,373 of 473 — 79%,85% — 538 of 630,3 of 9 — 33%,25% — 3 of 12,3 of 3 — 100%,100% — 3 of 3,1.0,0,2.0,0,10,20,3,2,18,13,560,715,15,18,12,6,14,16,12,10,3,1,7,4,13,18,62,40
0,Memphis,Jean-Louis Leca,(4-3-3),(3-4-1-2),51%,49%,387 of 484 — 80%,80% — 379 of 472,5 of 10 — 50%,27% — 3 of 11,1 of 3 — 33%,80% — 4 of 5,1.0,0,2.0,0,9,10,7,4,14,20,598,571,9,17,12,18,12,12,20,22,2,2,7,9,25,11,60,56
0,Mathieu Debuchy,Marquinhos,(4-4-2),(4-3-3),32%,68%,258 of 364 — 71%,87% — 670 of 771,5 of 11 — 45%,36% — 4 of 11,3 of 4 — 75%,80% — 4 of 5,1.0,0,1.0,0,13,12,9,10,25,29,473,899,14,20,10,11,12,13,28,25,1,1,10,6,16,20,67,56
0,José Fonte,Ismaël Traoré,(4-4-2),(4-2-3-1),65%,35%,575 of 711 — 81%,66% — 248 of 378,2 of 7 — 29%,43% — 3 of 7,1 of 3 — 33%,50% — 1 of 2,3.0,0,1.0,0,12,10,8,6,25,18,822,504,21,23,10,16,24,15,17,29,2,1,4,6,27,27,69,62
0,Yunis Abdelhamid,Bruno Ecuele Manga,(4-1-4-1),(4-2-3-1),57%,43%,481 of 584 — 82%,75% — 332 of 445,3 of 9 — 33%,0% — 0 of 8,0 of 0 — %,100% — 3 of 3,2.0,0,3.0,0,13,8,7,5,21,16,698,557,15,22,22,14,18,11,15,19,1,0,4,6,25,24,59,71
0,Steve Mandanda,Andy Delort,(4-2-3-1),(4-1-2-1-2),56%,44%,537 of 630 — 85%,77% — 380 of 495,7 of 18 — 39%,38% — 5 of 13,4 of 5 — 80%,57% — 4 of 7,0.0,0,0.0,0,4,6,5,1,18,18,742,594,15,17,15,12,13,13,16,19,0,6,7,10,12,18,55,52
0,Laurent Koscielny,Fabien Lemoine,(4-2-3-1),(4-3-3),49%,51%,424 of 531 — 80%,80% — 450 of 561,6 of 16 — 38%,33% — 4 of 12,3 of 4 — 75%,66% — 4 of 6,2.0,0,0.0,0,10,10,5,3,13,16,658,675,18,19,10,15,19,12,14,16,1,4,6,9,21,16,79,77
0,Hamari Traoré,Memphis,(4-1-4-1),(4-3-3),55%,45%,539 of 638 — 84%,81% — 431 of 530,6 of 14 — 43%,31% — 4 of 13,2 of 4 — 50%,66% — 4 of 6,1.0,0,2.0,0,12,16,2,5,13,17,769,646,22,18,18,15,12,11,20,11,1,0,8,8,18,24,75,50
0,John Boye,Walter Benítez,(5-4-1),(3-1-4-2),44%,56%,325 of 437 — 74%,81% — 445 of 550,5 of 16 — 31%,30% — 3 of 10,3 of 3 — 100%,80% — 4 of 5,2.0,0,2.0,0,19,8,5,2,21,13,549,667,14,17,14,14,12,8,17,16,4,1,5,3,22,19,63,53
0,Anthony Briançon,José Fonte,(4-2-3-1),(3-4-3),48%,52%,413 of 526 — 79%,82% — 456 of 559,0 of 7 — 0%,20% — 2 of 10,1 of 2 — 50%,% — 0 of 0,0.0,0,3.0,0,12,13,2,3,14,12,627,668,18,19,13,11,8,13,12,17,1,1,11,6,22,24,84,70
0,Wissam Ben Yedder,Ismaël Traoré,(4-4-2),(4-2-3-1),56%,44%,524 of 642 — 82%,75% — 384 of 513,4 of 13 — 31%,33% — 2 of 6,2 of 2 — 100%,25% — 1 of 4,2.0,0,0.0,0,9,10,5,2,17,12,759,599,18,13,17,14,21,15,12,13,3,0,5,9,17,23,75,78
0,Yunis Abdelhamid,Mathieu Debuchy,(4-1-4-1),(4-4-2),36%,64%,232 of 336 — 69%,82% — 500 of 610,2 of 6 — 33%,43% — 6 of 14,5 of 6 — 83%,0% — 0 of 2,2.0,0,4.0,0,19,17,0,3,7,21,464,718,21,19,20,10,15,18,23,5,0,2,10,4,21,15,77,63
0,Bruno Ecuele Manga,Steve Mandanda,(4-4-1-1),(4-3-3),42%,58%,328 of 441 — 74%,77% — 466 of 609,0 of 4 — 0%,36% — 4 of 11,4 of 4 — 100%,% — 0 of 0,3.0,0,2.0,0,13,13,0,6,10,24,573,706,15,15,21,12,15,17,28,12,5,3,6,8,28,24,77,64
0,Vitorino Hilton,Nicolas Pallois,(5-3-2),(4-4-2),47%,53%,376 of 466 — 81%,83% — 435 of 521,4 of 8 — 50%,25% — 3 of 12,2 of 3 — 66%,75% — 3 of 4,5.0,0,0.0,0,18,11,1,8,15,22,562,617,11,12,8,16,13,12,22,14,1,2,11,2,20,20,72,61
0,Marquinhos,Jean-Kevin Duverne,(4-3-3),(4-4-2),61%,39%,639 of 721 — 89%,82% — 379 of 463,11 of 22 — 50%,17% — 2 of 12,2 of 2 — 100%,72% — 8 of 11,1.0,0,1.0,0,7,13,7,4,22,18,842,585,17,25,13,11,4,5,13,18,3,0,7,6,19,13,52,43
0,Yannick Cahuzac,Adrien Thomasson,(3-4-1-2),(4-2-3-1),65%,35%,536 of 642 — 83%,66% — 233 of 352,2 of 11 — 18%,40% — 4 of 10,3 of 4 — 75%,100% — 2 of 2,1.0,0,1.0,0,16,15,4,4,22,9,734,445,9,14,13,18,20,15,4,19,2,1,4,10,26,23,60,97
0,Andy Delort,Wissam Ben Yedder,(5-3-2),(4-2-3-1),52%,48%,361 of 491 — 74%,71% — 322 of 456,3 of 9 — 33%,20% — 3 of 15,1 of 3 — 33%,33% — 1 of 3,2.0,0,3.0,0,17,12,5,6,11,12,594,574,12,23,14,17,27,24,10,14,1,1,8,9,30,18,89,72
0,Florian Thauvin,Anthony Briançon,(4-2-3-1),(4-1-4-1),63%,37%,606 of 715 — 85%,74% — 305 of 411,6 of 13 — 46%,63% — 5 of 8,3 of 5 — 60%,83% — 5 of 6,2.0,0,2.0,0,13,6,7,3,26,14,825,536,23,14,13,11,10,11,11,27,1,7,3,5,24,22,59,67
0,Ismaël Traoré,Marquinhos,(4-4-2),(4-2-3-1),39%,61%,345 of 449 — 77%,86% — 608 of 706,4 of 11 — 36%,27% — 3 of 11,2 of 3 — 66%,100% — 4 of 4,0.0,0,2.0,0,11,13,5,7,18,13,547,817,17,15,20,12,8,7,16,18,1,2,10,7,9,16,68,41
0,Haris Belkebla,Hamari Traoré,(4-4-2),(4-4-1-1),43%,57%,398 of 499 — 80%,86% — 582 of 673,4 of 14 — 29%,50% — 3 of 6,2 of 3 — 66%,75% — 3 of 4,1.0,0,1.0,0,9,8,3,3,22,16,599,766,11,20,17,7,11,14,13,18,2,0,5,11,31,20,64,67
0,Stefan Mitrović,Jessy Moulin,(4-1-3-2),(4-1-2-1-2),42%,58%,277 of 385 — 72%,82% — 430 of 527,2 of 15 — 13%,43% — 3 of 7,3 of 3 — 100%,50% — 1 of 2,2.0,0,2.0,0,23,9,7,3,17,24,511,653,20,22,14,9,20,12,15,19,0,1,9,11,26,9,67,40
0,Nicolas Pallois,Yannick Cahuzac,(4-4-2),(3-4-1-2),41%,59%,269 of 383 — 70%,81% — 445 of 548,1 of 9 — 11%,14% — 1 of 7,0 of 1 — 0%,100% — 1 of 1,3.0,0,3.0,0,14,19,2,4,14,29,498,662,26,16,15,18,23,18,22,14,2,1,9,6,15,25,66,58
0,Walter Benítez,Laurent Koscielny,(3-1-4-2),(4-1-4-1),50%,50%,416 of 498 — 84%,81% — 410 of 508,1 of 10 — 10%,53% — 9 of 17,6 of 9 — 66%,100% — 1 of 1,0.0,0,1.0,0,8,7,3,10,19,18,598,602,12,13,9,10,6,7,17,16,4,6,5,10,17,30,51,70
0,José Fonte,Yunis Abdelhamid,(4-4-2),(4-1-4-1),61%,39%,578 of 680 — 85%,78% — 339 of 436,8 of 16 — 50%,50% — 4 of 8,3 of 4 — 75%,75% — 6 of 8,2.0,0,1.0,0,13,11,3,5,18,13,783,541,11,23,6,19,17,16,13,14,0,0,4,5,21,14,54,73
0,Memphis,John Boye,(4-3-3),(3-4-1-2),64%,36%,489 of 598 — 82%,71% — 244 of 343,5 of 23 — 22%,17% — 3 of 18,2 of 3 — 66%,100% — 5 of 5,1.0,0,3.0,0,14,11,9,2,23,17,706,489,12,30,5,16,14,16,13,26,1,0,5,16,22,18,51,73
0,Steve Mandanda,Jean-Louis Leca,(4-2-3-1),(3-4-1-2),47%,53%,381 of 490 — 78%,83% — 464 of 562,1 of 4 — 25%,31% — 4 of 13,3 of 4 — 75%,100% — 1 of 1,5.0,0,3.0,0,13,12,3,9,14,24,593,689,16,23,14,16,19,13,21,15,0,3,7,5,32,20,65,58
0,Marquinhos,Vitorino Hilton,(4-2-3-1),(4-4-1-1),72%,28%,577 of 657 — 88%,67% — 176 of 261,8 of 26 — 31%,20% — 1 of 5,1 of 1 — 100%,50% — 4 of 8,2.0,0,1.0,1,16,12,7,1,12,3,761,372,16,16,8,13,12,7,7,13,3,1,4,15,19,18,36,68
0,Yannick Cahuzac,Pierre Lees-Melou,(3-4-1-2),(3-1-4-2),55%,45%,462 of 564 — 82%,78% — 355 of 458,3 of 13 — 23%,29% — 2 of 7,1 of 2 — 50%,100% — 3 of 3,2.0,0,1.0,0,9,14,6,2,28,10,678,581,13,24,8,8,13,10,14,32,2,2,11,10,28,26,53,55
0,Wissam Ben Yedder,Steve Mandanda,(4-4-2),(4-2-3-1),54%,46%,374 of 521 — 72%,68% — 302 of 447,6 of 8 — 75%,20% — 1 of 5,0 of 1 — 0%,50% — 3 of 6,3.0,0,5.0,0,18,21,5,4,21,13,640,573,25,27,11,13,19,15,9,31,3,1,8,8,34,23,78,84
0,Laurent Koscielny,Ismaël Traoré,(4-2-3-1),(4-2-3-1),46%,54%,411 of 494 — 83%,85% — 502 of 589,3 of 7 — 43%,47% — 7 of 15,6 of 7 — 85%,33% — 1 of 3,1.0,0,2.0,0,11,20,3,4,5,19,616,694,20,28,25,7,9,13,21,6,3,0,7,5,23,20,73,48
0,Bruno Ecuele Manga,Stefan Mitrović,(4-2-3-1),(4-2-3-1),50%,50%,379 of 512 — 74%,80% — 411 of 512,3 of 5 — 60%,13% — 2 of 15,1 of 2 — 50%,66% — 2 of 3,1.0,0,0.0,0,14,9,3,4,18,16,595,632,17,13,10,17,13,18,12,19,2,0,15,7,30,18,84,104
0,John Boye,Nicolas Pallois,(3-4-1-2),(4-4-2),43%,57%,317 of 395 — 80%,80% — 411 of 515,4 of 14 — 29%,0% — 0 of 8,0 of 0 — %,50% — 2 of 4,3.0,0,1.0,0,15,15,4,6,15,30,518,601,24,17,16,7,20,20,27,11,1,4,13,4,14,24,75,52
0,Yunis Abdelhamid,Haris Belkebla,(4-1-4-1),(4-4-2),36%,64%,256 of 352 — 73%,81% — 513 of 630,2 of 12 — 17%,0% — 0 of 15,0 of 0 — %,50% — 1 of 2,3.0,0,0.0,0,16,11,2,4,12,33,474,719,10,10,9,8,12,24,32,11,1,1,12,7,22,30,59,81
0,Hamari Traoré,José Fonte,(4-4-1-1),(4-4-2),67%,33%,573 of 694 — 83%,64% — 220 of 344,2 of 11 — 18%,44% — 4 of 9,3 of 4 — 75%,100% — 2 of 2,2.0,0,2.0,0,12,15,2,2,20,4,804,452,16,15,10,16,30,14,9,19,0,4,6,8,25,28,72,67
0,Jessy Moulin,Memphis,(4-1-2-1-2),(4-3-3),40%,60%,281 of 387 — 73%,83% — 481 of 577,0 of 3 — 0%,61% — 11 of 18,7 of 11 — 63%,% — 0 of 0,3.0,0,1.0,0,13,9,1,8,7,22,481,663,14,8,10,12,9,14,13,9,2,1,7,6,24,35,47,81
0,Fabien Lemoine,Bruno Ecuele Manga,(4-3-3),(4-4-2),46%,54%,268 of 378 — 71%,73% — 323 of 442,5 of 14 — 36%,29% — 2 of 7,0 of 2 — 0%,40% — 2 of 5,2.0,0,3.0,0,13,17,9,6,24,14,495,549,17,15,19,14,22,20,16,23,4,0,9,10,24,22,63,88
0,Memphis,Laurent Koscielny,(4-3-3),(4-2-3-1),56%,44%,483 of 586 — 82%,76% — 346 of 455,4 of 10 — 40%,17% — 2 of 12,1 of 2 — 50%,50% — 2 of 4,1.0,0,2.0,0,17,6,7,9,16,18,678,546,15,11,12,14,12,10,23,12,0,2,7,4,15,23,60,72
0,Vitorino Hilton,Jean-Louis Leca,(5-3-2),(3-4-1-2),56%,44%,360 of 479 — 75%,75% — 279 of 373,7 of 17 — 41%,18% — 2 of 11,0 of 2 — 0%,85% — 6 of 7,4.0,0,4.0,0,15,17,12,3,40,10,576,513,8,16,10,18,22,20,9,55,3,0,5,10,29,13,84,70
0,Pierre Lees-Melou,Mathieu Debuchy,(3-1-4-2),(4-2-3-1),46%,54%,391 of 479 — 82%,85% — 485 of 571,2 of 7 — 29%,10% — 1 of 10,0 of 1 — 0%,100% — 2 of 2,2.0,0,2.0,0,11,11,4,10,10,39,567,684,18,22,3,13,12,11,22,11,1,0,19,5,21,26,62,63
0,Jean-Kevin Duverne,John Boye,(4-4-2),(3-4-1-2),62%,38%,556 of 666 — 83%,79% — 316 of 401,5 of 10 — 50%,36% — 5 of 14,2 of 5 — 40%,60% — 3 of 5,1.0,0,3.0,0,13,14,4,1,22,8,752,518,20,16,6,11,12,8,14,25,2,0,13,9,20,26,76,56
0,Ismaël Traoré,Anthony Briançon,(4-2-3-1),(4-1-4-1),40%,60%,336 of 431 — 78%,85% — 558 of 653,5 of 12 — 42%,43% — 3 of 7,3 of 3 — 100%,40% — 2 of 5,1.0,0,3.0,0,9,7,4,8,20,19,548,760,23,18,15,7,11,7,18,15,1,2,7,6,16,25,65,73
0,Laurent Abergel,Presnel Kimpembe,(5-4-1),(4-4-2),35%,65%,238 of 322 — 74%,84% — 499 of 595,5 of 16 — 31%,8% — 1 of 12,1 of 1 — 100%,40% — 2 of 5,4.0,0,2.0,0,15,9,7,9,19,26,447,695,21,13,18,5,4,7,24,14,1,0,9,8,12,21,58,40
0,Stefan Mitrović,Yunis Abdelhamid,(4-2-3-1),(4-1-4-1),48%,52%,375 of 469 — 80%,81% — 417 of 516,2 of 12 — 17%,50% — 5 of 10,4 of 5 — 80%,100% — 2 of 2,1.0,0,2.0,0,17,8,4,3,20,13,569,617,9,15,10,9,13,7,11,18,0,0,8,7,23,16,82,60
0,José Fonte,Bruno Ecuele Manga,(4-4-2),(4-2-3-1),59%,41%,605 of 729 — 83%,77% — 395 of 515,2 of 14 — 14%,30% — 3 of 10,3 of 3 — 100%,50% — 1 of 2,2.0,0,2.0,0,12,7,5,2,18,14,833,630,16,19,9,17,12,15,9,15,2,0,6,10,18,10,72,65
0,Nicolas Pallois,Wissam Ben Yedder,(4-1-4-1),(3-4-3),33%,67%,230 of 332 — 69%,83% — 569 of 689,3 of 8 — 38%,36% — 5 of 14,3 of 5 — 60%,66% — 2 of 3,5.5,0,3.0,0,11,14,2,8,13,22,463,785,18,20,21,16,8,17,19,11,3,3,7,5,20,25,61,68
0,Laurent Koscielny,José Fonte,(4-2-3-1),(4-4-2),54%,46%,512 of 588 — 87%,82% — 420 of 511,4 of 10 — 40%,55% — 6 of 11,3 of 6 — 50%,100% — 4 of 4,1.0,0,2.0,0,8,17,1,2,12,11,684,593,11,16,9,10,12,8,15,11,0,1,3,6,21,19,52,63
0,Stefan Mitrović,Haris Belkebla,(4-2-3-1),(4-1-4-1),41%,59%,317 of 418 — 76%,82% — 500 of 612,4 of 9 — 44%,67% — 2 of 3,0 of 2 — 0%,50% — 2 of 4,2.0,0,0.0,0,12,14,3,3,15,19,521,693,24,15,12,10,17,18,20,11,0,2,7,5,20,38,77,80
0,Yunis Abdelhamid,Thomas Mangani,(4-1-4-1),(4-2-3-1),57%,43%,478 of 580 — 82%,77% — 340 of 440,2 of 10 — 20%,33% — 2 of 6,2 of 2 — 100%,100% — 2 of 2,2.0,0,1.0,0,6,8,4,5,12,17,677,542,18,16,10,17,10,16,14,15,3,0,8,9,21,25,61,73
0,John Boye,Vitorino Hilton,(3-4-1-2),(4-1-4-1),45%,55%,322 of 404 — 80%,81% — 401 of 495,6 of 17 — 35%,20% — 3 of 15,2 of 3 — 66%,83% — 5 of 6,6.0,0,1.0,0,15,15,8,7,24,25,523,601,10,11,11,11,13,8,25,20,0,1,5,10,16,30,50,73
0,Damien Da Silva,Fabien Lemoine,(4-4-1-1),(5-4-1),59%,41%,566 of 671 — 84%,78% — 365 of 470,6 of 10 — 60%,25% — 3 of 12,2 of 3 — 66%,83% — 5 of 6,2.0,0,1.0,0,17,6,5,3,18,14,774,578,13,11,12,21,11,18,19,16,0,2,8,4,19,22,72,61
0,Presnel Kimpembe,Anthony Briançon,(4-4-2),(4-1-4-1),66%,34%,686 of 767 — 89%,81% — 318 of 393,6 of 14 — 43%,32% — 6 of 19,6 of 6 — 100%,50% — 3 of 6,0.0,0,1.0,0,13,11,4,7,17,22,859,508,21,15,8,21,13,4,11,7,3,1,9,8,22,12,45,65
0,Wissam Ben Yedder,Pierre Lees-Melou,(4-4-2),(4-1-4-1),42%,58%,312 of 426 — 73%,84% — 486 of 581,5 of 14 — 36%,40% — 2 of 5,1 of 2 — 50%,80% — 4 of 5,0.0,0,4.0,0,16,19,6,2,19,12,522,679,21,5,16,23,14,13,14,16,1,0,8,5,20,23,75,64
0,Bruno Ecuele Manga,Memphis,(4-3-3),(4-3-3),37%,63%,326 of 419 — 78%,85% — 598 of 701,2 of 14 — 14%,50% — 8 of 16,7 of 8 — 87%,100% — 2 of 2,2.0,0,0.0,0,15,12,1,6,10,14,549,828,23,26,13,10,9,12,14,10,1,0,7,8,18,24,59,78
0,Jean-Louis Leca,Steve Mandanda,(3-4-1-2),(4-4-2),60%,40%,453 of 564 — 80%,69% — 256 of 373,3 of 21 — 14%,36% — 4 of 11,2 of 4 — 50%,33% — 1 of 3,4.0,0,2.0,0,18,14,8,4,27,13,674,478,14,15,12,19,16,20,11,24,3,0,8,12,23,24,76,66
0,Mathieu Debuchy,Andrei Girotto,(4-4-2),(4-5-1),50%,50%,313 of 433 — 72%,69% — 297 of 429,7 of 14 — 50%,50% — 6 of 12,5 of 6 — 83%,85% — 6 of 7,3.0,0,1.0,0,15,19,5,5,21,15,557,529,17,11,13,10,27,22,27,13,1,1,6,7,24,34,72,93
0,Laurent Abergel,Yunis Abdelhamid,(5-4-1),(4-1-4-1),40%,60%,280 of 380 — 74%,77% — 434 of 561,3 of 9 — 33%,23% — 3 of 13,3 of 3 — 100%,66% — 2 of 3,0.0,0,4.0,0,12,12,2,5,11,17,502,653,17,16,21,17,22,15,28,9,1,3,10,3,16,28,76,88
0,Memphis,Stefan Mitrović,(4-3-3),(4-2-3-1),69%,31%,605 of 689 — 88%,73% — 222 of 303,8 of 16 — 50%,13% — 1 of 8,1 of 1 — 100%,62% — 5 of 8,2.0,0,3.5,0,7,10,6,2,18,10,772,400,9,21,9,16,16,10,14,15,2,0,6,12,15,17,53,61
0,Yannick Cahuzac,Damien Da Silva,(3-4-1-2),(3-5-2),53%,47%,463 of 571 — 81%,80% — 413 of 515,3 of 10 — 30%,10% — 1 of 10,1 of 1 — 100%,100% — 3 of 3,2.0,0,4.0,0,13,11,6,4,19,13,670,625,12,20,13,10,14,18,19,19,0,0,13,9,22,16,70,48
0,Haris Belkebla,Laurent Koscielny,(4-3-3),(3-4-3),47%,53%,396 of 503 — 79%,81% — 465 of 572,6 of 25 — 24%,50% — 4 of 8,3 of 4 — 75%,66% — 4 of 6,1.0,0,3.0,0,11,15,6,4,25,14,631,691,24,15,17,11,15,12,13,14,1,0,3,20,24,24,81,86
0,Anthony Briançon,Wissam Ben Yedder,(4-1-4-1),(4-4-2),44%,56%,363 of 456 — 80%,83% — 481 of 582,4 of 9 — 44%,45% — 5 of 11,1 of 5 — 20%,25% — 1 of 4,1.0,0,2.0,0,12,16,5,6,15,19,559,681,23,19,20,6,12,12,18,8,0,2,7,5,18,30,66,73
0,Jessy Moulin,John Boye,(3-4-3),(3-4-1-2),49%,51%,365 of 492 — 74%,75% — 388 of 515,3 of 12 — 25%,0% — 0 of 10,0 of 0 — %,100% — 3 of 3,2.0,0,2.0,0,8,9,8,2,19,10,616,637,19,24,15,18,21,9,17,12,1,1,13,6,25,33,70,74
0,Pierre Lees-Melou,Ismaël Traoré,(4-3-3),(4-2-3-1),51%,49%,445 of 528 — 84%,80% — 409 of 514,2 of 11 — 18%,30% — 3 of 10,3 of 3 — 100%,0% — 0 of 2,2.0,0,1.0,0,11,9,5,9,12,33,653,617,19,20,11,6,11,13,33,11,0,1,7,7,18,31,50,72
0,Vitorino Hilton,Bruno Ecuele Manga,(4-1-4-1),(4-2-3-1),59%,41%,432 of 527 — 82%,75% — 280 of 372,11 of 24 — 46%,33% — 4 of 12,3 of 4 — 75%,63% — 7 of 11,3.0,0,4.5,0,12,14,9,4,39,13,632,483,11,11,12,9,18,10,7,31,1,0,7,10,18,21,76,77
0,Andrei Girotto,José Fonte,(4-1-4-1),(4-4-2),44%,56%,344 of 464 — 74%,79% — 472 of 594,1 of 6 — 17%,20% — 3 of 15,1 of 3 — 33%,100% — 1 of 1,3.0,0,0.0,0,13,13,4,2,16,13,572,703,18,13,22,6,18,22,12,22,0,2,9,5,25,26,81,86
0,Steve Mandanda,Marquinhos,(4-3-3),(4-3-3),53%,47%,482 of 595 — 81%,84% — 441 of 526,4 of 12 — 33%,22% — 2 of 9,0 of 2 — 0%,100% — 4 of 4,1.0,1,2.0,0,12,12,7,1,20,12,690,640,18,13,11,14,14,14,9,19,2,3,10,6,16,19,81,40
0,Marquinhos,Pierre Lees-Melou,(4-2-3-1),(4-1-4-1),55%,45%,575 of 648 — 89%,86% — 458 of 531,4 of 17 — 24%,38% — 5 of 13,4 of 5 — 80%,50% — 2 of 4,2.0,0,0.0,0,12,6,4,1,19,10,748,627,15,18,11,12,5,4,11,13,1,1,8,8,16,15,50,53
0,Xavier Chavalerin,Jean-Louis Leca,(4-1-4-1),(3-4-1-2),37%,63%,247 of 340 — 73%,81% — 479 of 591,6 of 9 — 67%,38% — 6 of 16,5 of 6 — 83%,83% — 5 of 6,2.0,0,0.0,0,9,7,4,6,10,33,478,694,15,17,16,12,15,15,36,13,1,3,8,2,26,21,67,59
0,Memphis,Vitorino Hilton,(4-3-3),(4-1-4-1),55%,45%,427 of 526 — 81%,74% — 322 of 435,8 of 24 — 33%,42% — 5 of 12,3 of 5 — 60%,87% — 7 of 8,0.0,0,1.0,0,9,12,6,1,20,18,654,567,15,17,15,15,20,11,17,23,0,1,6,12,25,17,38,73
0,Wissam Ben Yedder,Laurent Abergel,(4-4-2),(5-4-1),70%,30%,659 of 792 — 83%,68% — 227 of 332,3 of 11 — 27%,25% — 1 of 4,0 of 1 — 0%,66% — 2 of 3,3.0,0,3.0,0,13,13,7,1,31,3,886,466,21,16,17,18,14,11,4,47,2,0,3,8,41,15,83,64
0,Bruno Ecuele Manga,Anthony Briançon,(4-2-3-1),(4-1-4-1),50%,50%,391 of 524 — 75%,73% — 379 of 516,3 of 10 — 30%,50% — 4 of 8,2 of 4 — 50%,100% — 3 of 3,4.0,1,1.0,0,17,13,3,0,15,8,622,623,15,22,12,6,29,19,14,21,1,4,6,12,25,27,81,81
0,John Boye,Stefan Mitrović,(3-4-3),(4-1-2-1-2),45%,55%,329 of 442 — 74%,76% — 407 of 534,2 of 14 — 14%,15% — 2 of 13,0 of 2 — 0%,50% — 1 of 2,2.0,0,1.0,0,13,12,7,7,17,25,563,644,14,18,15,16,27,22,20,15,1,1,8,6,19,28,72,88
0,Ismaël Traoré,Andrei Girotto,(4-2-3-1),(4-4-2),65%,35%,485 of 619 — 78%,65% — 213 of 329,2 of 7 — 29%,33% — 2 of 6,0 of 2 — 0%,100% — 2 of 2,2.0,0,3.0,0,18,21,7,2,29,11,704,441,9,22,5,10,17,17,10,23,0,2,4,3,22,17,94,76
0,Damien Da Silva,Mathieu Debuchy,(4-3-3),(4-5-1),71%,29%,583 of 721 — 81%,60% — 172 of 288,2 of 13 — 15%,50% — 3 of 6,1 of 3 — 33%,100% — 2 of 2,5.0,0,2.0,0,18,16,7,1,34,12,828,426,17,15,5,19,27,18,9,32,0,1,5,9,34,25,66,67
0,José Fonte,Haris Belkebla,(4-4-2),(4-4-1-1),68%,32%,627 of 741 — 85%,71% — 243 of 342,0 of 15 — 0%,33% — 1 of 3,1 of 1 — 100%,% — 0 of 0,2.0,0,1.0,0,16,15,9,3,36,12,837,459,10,20,1,16,16,14,14,38,1,1,3,11,26,20,75,66
0,Laurent Koscielny,Steve Mandanda,(4-3-3),(4-3-3),55%,45%,452 of 536 — 84%,76% — 328 of 431,1 of 19 — 5%,0% — 0 of 4,0 of 0 — %,100% — 1 of 1,1.0,0,1.0,2,13,17,6,5,28,13,631,497,11,11,8,5,14,7,14,19,3,3,4,12,12,24,45,63
0,Steve Mandanda,Pierre Lees-Melou,(4-2-3-1),(4-1-4-1),45%,55%,367 of 479 — 77%,83% — 485 of 582,4 of 8 — 50%,40% — 4 of 10,2 of 4 — 50%,25% — 1 of 4,2.0,0,1.0,0,10,13,5,3,20,15,588,695,25,8,13,12,13,16,18,23,1,2,7,2,25,20,81,41
0,Haris Belkebla,Memphis,(4-4-2),(4-2-3-1),51%,49%,424 of 553 — 77%,79% — 414 of 524,7 of 19 — 37%,40% — 6 of 15,4 of 6 — 66%,71% — 5 of 7,2.0,0,2.0,0,9,12,11,7,32,11,651,650,11,8,9,12,17,14,7,35,1,0,8,14,31,16,74,72
0,Mathieu Debuchy,Thomas Foket,(4-1-4-1),(4-1-4-1),49%,51%,326 of 455 — 72%,75% — 357 of 476,7 of 19 — 37%,50% — 2 of 4,1 of 2 — 50%,85% — 6 of 7,0.0,0,2.0,0,10,11,1,2,26,12,578,620,26,25,16,20,25,14,8,31,1,1,8,14,38,26,54,84
0,Andrei Girotto,Steve Mandanda,(4-4-2),(4-2-3-1),35%,65%,215 of 348 — 62%,78% — 514 of 659,1 of 6 — 17%,43% — 3 of 7,2 of 3 — 66%,0% — 0 of 1,4.0,0,1.0,1,11,15,2,1,15,12,448,752,12,15,10,9,16,20,20,19,2,3,6,10,31,38,88,82
0,Vitorino Hilton,Damien Da Silva,(4-1-4-1),(4-3-3),35%,65%,266 of 353 — 75%,86% — 553 of 644,7 of 11 — 64%,36% — 5 of 14,4 of 5 — 80%,71% — 5 of 7,1.0,0,2.0,0,10,12,3,6,10,28,460,733,12,11,13,5,9,13,21,10,0,1,12,11,18,18,73,51
0,Anthony Briançon,Laurent Koscielny,(4-1-4-1),(4-2-3-1),29%,71%,205 of 292 — 70%,86% — 605 of 706,3 of 8 — 38%,36% — 4 of 11,4 of 4 — 100%,33% — 1 of 3,0.0,0,3.0,1,10,12,6,7,9,39,410,812,25,14,11,14,11,12,30,11,1,1,8,4,17,31,66,78
0,Pierre Lees-Melou,John Boye,(4-3-3),(3-4-3),65%,35%,524 of 634 — 83%,74% — 256 of 345,2 of 11 — 18%,36% — 4 of 11,2 of 4 — 50%,100% — 2 of 2,1.0,0,1.0,0,16,12,3,3,23,7,746,488,29,28,12,19,20,12,7,19,0,1,7,9,20,19,50,70
0,Stefan Mitrović,Ismaël Traoré,(4-1-2-1-2),(4-2-3-1),57%,43%,451 of 570 — 79%,71% — 303 of 424,2 of 15 — 13%,38% — 3 of 8,3 of 3 — 100%,100% — 2 of 2,2.0,0,1.0,0,23,11,5,4,26,18,691,546,17,10,10,9,23,22,20,25,1,0,5,8,26,24,87,83
0,Jean-Louis Leca,Bruno Ecuele Manga,(3-4-1-2),(5-3-2),54%,46%,427 of 522 — 82%,75% — 328 of 437,4 of 11 — 36%,25% — 3 of 12,2 of 3 — 66%,50% — 2 of 4,3.0,0,0.0,1,13,12,5,4,21,17,637,528,15,19,13,8,13,17,13,16,3,1,10,9,22,31,67,60
0,Fabien Lemoine,José Fonte,(4-1-4-1),(4-4-2),44%,56%,377 of 472 — 80%,82% — 488 of 597,3 of 8 — 38%,44% — 7 of 16,4 of 7 — 57%,66% — 2 of 3,2.0,0,0.0,0,9,9,1,5,10,18,585,686,15,17,15,8,15,9,20,8,2,1,4,6,19,25,66,66
0,Marquinhos,Wissam Ben Yedder,(4-3-3),(3-4-3),74%,26%,758 of 854 — 89%,70% — 207 of 297,1 of 10 — 10%,60% — 3 of 5,1 of 3 — 33%,100% — 1 of 1,4.0,0,1.0,0,12,10,3,2,25,10,941,409,12,24,3,16,15,7,8,27,0,0,1,13,32,19,46,70
0,Renaud Ripart,Laurent Abergel,(4-1-4-1),(4-3-3),49%,51%,388 of 504 — 77%,80% — 423 of 526,1 of 6 — 17%,27% — 3 of 11,3 of 3 — 100%,100% — 1 of 1,2.0,0,4.0,0,10,14,4,7,20,23,628,653,19,28,12,9,14,11,22,20,1,0,11,6,21,24,81,61
0,Damien Da Silva,Morgan Schneiderlin,(4-3-3),(4-4-2),61%,39%,508 of 593 — 86%,76% — 285 of 375,5 of 17 — 29%,46% — 6 of 13,5 of 6 — 83%,80% — 4 of 5,0.0,0,2.0,0,17,18,6,1,21,11,692,472,16,10,7,6,15,12,9,19,2,1,7,6,15,29,60,55
0,Laurent Koscielny,John Boye,(3-5-2),(3-4-1-2),51%,49%,346 of 460 — 75%,72% — 318 of 440,1 of 8 — 13%,33% — 5 of 15,3 of 5 — 60%,0% — 0 of 1,1.0,0,2.0,0,18,12,1,10,12,34,586,552,16,23,12,15,22,23,22,13,1,2,8,5,29,21,62,81
0,Bruno Ecuele Manga,Marquinhos,(5-3-2),(4-2-3-1),40%,60%,368 of 437 — 84%,89% — 587 of 657,1 of 5 — 20%,67% — 4 of 6,1 of 4 — 25%,100% — 1 of 1,2.0,0,1.0,0,10,9,2,4,12,8,528,743,17,23,14,14,4,3,10,5,3,3,4,4,15,16,52,45
0,Wissam Ben Yedder,Haris Belkebla,(3-4-3),(4-4-1-1),63%,37%,633 of 742 — 85%,79% — 337 of 429,8 of 14 — 57%,14% — 1 of 7,1 of 1 — 100%,75% — 6 of 8,2.0,0,0.0,0,14,6,4,2,23,8,834,548,12,17,9,14,16,12,3,25,1,3,4,9,22,18,77,67
0,Ismaël Traoré,Jean-Louis Leca,(4-2-3-1),(3-4-1-2),40%,60%,215 of 332 — 65%,79% — 397 of 503,2 of 5 — 40%,29% — 4 of 14,2 of 4 — 50%,50% — 1 of 2,0.0,0,0.0,0,16,15,6,11,16,31,425,599,16,18,6,14,14,15,29,8,1,3,10,3,23,19,69,63
0,Yunis Abdelhamid,Vitorino Hilton,(4-1-4-1),(4-1-4-1),57%,43%,443 of 546 — 81%,75% — 306 of 408,2 of 9 — 22%,22% — 2 of 9,2 of 2 — 100%,100% — 2 of 2,1.0,0,1.0,0,9,10,5,1,18,11,662,518,16,18,17,15,16,11,13,17,3,0,8,19,29,18,74,80
0,Laurent Abergel,Mathieu Debuchy,(5-4-1),(4-1-4-1),56%,44%,422 of 531 — 79%,76% — 324 of 424,3 of 11 — 27%,22% — 2 of 9,1 of 2 — 50%,33% — 1 of 3,1.0,0,3.0,0,12,15,5,3,15,15,645,540,23,19,10,8,13,18,16,17,2,1,10,11,30,23,68,71
0,Renaud Ripart,Andrei Girotto,(4-1-4-1),(4-4-2),60%,40%,432 of 557 — 78%,64% — 238 of 373,4 of 8 — 50%,13% — 1 of 8,0 of 1 — 0%,75% — 3 of 4,3.5,0,1.0,0,16,25,1,8,9,22,686,495,19,26,24,16,17,26,17,18,0,2,11,4,33,33,94,78
0,José Fonte,Stefan Mitrović,(4-4-2),(4-4-2),68%,32%,572 of 701 — 82%,65% — 214 of 329,5 of 14 — 36%,30% — 3 of 10,2 of 3 — 66%,80% — 4 of 5,0.0,0,2.0,0,10,14,9,2,32,18,809,483,13,25,13,28,23,22,16,41,0,1,7,13,31,18,61,88
0,Steve Mandanda,Memphis,(4-2-3-1),(4-3-3),52%,48%,430 of 521 — 83%,80% — 382 of 477,1 of 11 — 9%,9% — 1 of 11,0 of 1 — 0%,100% — 1 of 1,4.0,0,5.5,0,13,11,7,2,23,15,638,581,15,9,15,11,13,15,18,24,0,7,8,6,12,26,50,50
0,Memphis,Hamari Traoré,(4-3-3),(4-3-3),47%,53%,417 of 529 — 79%,83% — 487 of 590,7 of 15 — 47%,8% — 1 of 12,1 of 1 — 100%,85% — 6 of 7,1.0,0,3.0,0,12,15,6,4,19,26,642,717,13,15,11,11,15,16,22,20,4,1,8,7,25,17,66,71
0,Morgan Schneiderlin,Renaud Ripart,(4-1-4-1),(4-1-4-1),54%,46%,536 of 625 — 86%,80% — 418 of 524,4 of 10 — 40%,32% — 7 of 22,6 of 7 — 85%,50% — 2 of 4,3.0,0,3.0,0,14,8,0,6,11,23,749,618,18,8,24,17,11,12,19,10,2,1,8,10,19,20,58,73
0,Paul Lasne,Bruno Ecuele Manga,(4-4-2),(4-2-3-1),49%,51%,433 of 520 — 83%,79% — 425 of 538,3 of 10 — 30%,20% — 2 of 10,1 of 2 — 50%,0% — 0 of 3,3.0,0,1.0,0,17,13,3,5,15,28,634,626,10,14,16,11,40,12,33,11,0,0,7,7,17,14,85,99
0,Mathieu Debuchy,Yannick Cahuzac,(4-1-4-1),(3-4-1-2),65%,35%,475 of 599 — 79%,72% — 229 of 319,2 of 17 — 12%,50% — 4 of 8,2 of 4 — 50%,50% — 1 of 2,3.0,0,2.0,0,13,12,13,3,39,11,715,454,16,15,13,11,23,22,7,39,0,0,6,9,29,21,78,56
0,John Boye,Ismaël Traoré,(3-4-1-2),(5-4-1),65%,35%,531 of 633 — 84%,72% — 249 of 348,2 of 15 — 13%,43% — 3 of 7,3 of 3 — 100%,100% — 2 of 2,2.0,1,2.0,0,18,9,6,1,20,9,731,462,23,26,12,5,20,18,13,13,2,2,5,12,19,22,55,66
0,Stefan Mitrović,Wissam Ben Yedder,(3-4-1-2),(3-4-3),38%,62%,246 of 368 — 67%,78% — 472 of 609,2 of 17 — 12%,20% — 1 of 5,1 of 1 — 100%,50% — 1 of 2,3.0,0,0.0,0,10,12,5,7,19,19,503,734,16,18,22,6,25,24,22,27,5,0,8,8,17,29,94,69
0,José Fonte,Steve Mandanda,(4-4-2),(4-3-3),60%,40%,497 of 622 — 80%,72% — 300 of 417,8 of 23 — 35%,33% — 1 of 3,1 of 1 — 100%,75% — 6 of 8,0.0,0,1.0,0,12,7,11,1,28,13,737,544,12,19,11,22,25,13,11,24,1,0,5,11,29,23,74,67
0,Laurent Koscielny,Marquinhos,(3-4-3),(4-2-3-1),44%,56%,393 of 486 — 81%,87% — 545 of 630,2 of 11 — 18%,25% — 3 of 12,2 of 3 — 66%,100% — 2 of 2,3.0,0,3.0,0,8,15,8,1,23,8,585,725,22,19,11,9,11,13,4,17,2,4,6,11,14,19,75,57
0,Andrei Girotto,Yunis Abdelhamid,(4-4-1-1),(4-1-4-1),49%,51%,329 of 459 — 72%,74% — 355 of 477,5 of 12 — 42%,50% — 2 of 4,0 of 2 — 0%,80% — 4 of 5,0.0,0,5.0,0,10,15,6,3,18,11,578,590,19,27,17,13,18,21,10,24,1,1,4,12,31,36,73,89
0,Vitorino Hilton,Fabien Lemoine,(4-1-4-1),(5-4-1),54%,46%,432 of 533 — 81%,80% — 364 of 457,4 of 10 — 40%,38% — 5 of 13,5 of 5 — 100%,75% — 3 of 4,2.0,0,3.0,0,17,15,5,3,19,9,626,572,11,29,8,14,16,14,5,21,1,0,6,5,25,14,79,74
0,Steve Mandanda,Steven Nzonzi,(3-1-4-2),(4-2-3-1),51%,49%,416 of 515 — 81%,80% — 400 of 498,2 of 9 — 22%,20% — 2 of 10,2 of 2 — 100%,50% — 1 of 2,2.0,0,3.0,0,15,19,3,4,17,10,635,612,21,19,4,10,10,13,12,15,1,0,9,5,22,23,69,64
0,Yunis Abdelhamid,Memphis,(4-2-3-1),(4-3-3),32%,68%,247 of 357 — 69%,81% — 607 of 745,5 of 14 — 36%,35% — 6 of 17,5 of 6 — 83%,80% — 4 of 5,3.0,0,1.0,0,11,12,2,5,8,26,503,832,14,8,25,3,14,18,42,7,2,5,12,7,11,21,75,62
0,Ismaël Traoré,Mahdi Camara,(4-2-3-1),(3-4-1-2),54%,46%,447 of 588 — 76%,74% — 366 of 495,1 of 4 — 25%,43% — 3 of 7,2 of 3 — 66%,100% — 1 of 1,1.0,0,2.0,0,8,14,6,3,18,14,700,642,22,31,9,18,10,15,14,25,2,3,5,4,36,23,94,95
0,Steve Mandanda,Paul Lasne,(3-1-4-2),(4-4-2),41%,59%,345 of 442 — 78%,85% — 546 of 643,5 of 12 — 42%,17% — 1 of 6,0 of 1 — 0%,40% — 2 of 5,3.0,0,1.0,0,15,12,3,6,21,15,544,741,12,11,11,13,14,14,17,11,2,3,4,9,23,18,66,77
0,Renaud Ripart,Vitorino Hilton,(4-1-4-1),(4-1-4-1),39%,61%,199 of 319 — 62%,75% — 367 of 489,6 of 12 — 50%,42% — 5 of 12,4 of 5 — 80%,83% — 5 of 6,2.0,0,0.0,0,11,19,5,7,14,42,450,601,22,13,10,14,14,29,37,21,1,5,10,2,24,39,73,100
0,Bruno Ecuele Manga,Benoît Costil,(4-2-3-1),(4-4-2),46%,54%,342 of 455 — 75%,77% — 404 of 528,3 of 13 — 23%,60% — 6 of 10,3 of 6 — 50%,66% — 2 of 3,5.0,0,1.0,0,15,7,5,6,11,21,591,645,19,18,21,20,15,18,19,17,1,1,5,12,32,30,75,82
0,Laurent Abergel,Pierre Lees-Melou,(3-5-2),(4-2-3-1),49%,51%,453 of 545 — 83%,85% — 473 of 558,7 of 17 — 41%,33% — 2 of 6,1 of 2 — 50%,85% — 6 of 7,2.0,0,2.0,0,2,12,5,2,17,9,656,684,24,27,12,7,11,5,8,21,1,1,7,8,25,26,74,63
0,Damien Da Silva,Stefan Mitrović,(4-2-3-1),(4-1-2-1-2),50%,50%,411 of 516 — 80%,76% — 391 of 515,2 of 11 — 18%,17% — 1 of 6,1 of 1 — 100%,50% — 1 of 2,0.0,0,2.0,0,13,13,6,3,13,19,631,613,14,13,15,14,31,24,20,11,3,1,4,12,22,20,70,102
0,Yannick Cahuzac,John Boye,(3-1-4-2),(3-1-4-2),53%,47%,398 of 505 — 79%,79% — 350 of 444,6 of 16 — 38%,50% — 3 of 6,2 of 3 — 66%,66% — 4 of 6,4.0,0,3.0,0,17,8,6,1,26,8,605,563,11,23,13,11,15,10,16,33,0,3,2,10,39,21,66,59
0,Wissam Ben Yedder,José Fonte,(3-4-3),(4-2-3-1),63%,37%,591 of 706 — 84%,76% — 319 of 420,4 of 8 — 50%,40% — 2 of 5,2 of 2 — 100%,100% — 4 of 4,3.0,0,3.0,0,11,11,6,2,19,11,814,539,24,16,6,7,12,9,12,24,4,1,3,8,27,27,74,60
0,Marquinhos,Andrei Girotto,(4-2-3-1),(3-4-3),73%,27%,687 of 761 — 90%,70% — 192 of 276,5 of 11 — 45%,63% — 5 of 8,3 of 5 — 60%,80% — 4 of 5,2.0,0,2.0,0,14,15,9,1,19,8,859,378,14,21,11,12,13,8,6,19,0,1,5,9,17,16,39,52
0,Mathieu Debuchy,Axel Disasi,(3-4-1-2),(4-4-2),41%,59%,315 of 431 — 73%,81% — 514 of 633,3 of 9 — 33%,29% — 4 of 14,0 of 4 — 0%,100% — 3 of 3,1.0,0,2.0,0,7,11,2,6,19,23,556,756,12,24,14,14,9,12,15,14,1,1,7,3,21,24,60,71
0,John Boye,Damien Da Silva,(3-4-1-2),(4-3-3),52%,48%,436 of 554 — 79%,75% — 386 of 513,2 of 14 — 14%,50% — 4 of 8,2 of 4 — 50%,50% — 1 of 2,0.0,0,2.0,1,11,12,4,3,27,7,674,606,11,14,18,10,14,22,20,23,3,2,7,10,19,19,73,79
0,Morgan Schneiderlin,Steve Mandanda,(4-3-3),(3-5-2),43%,57%,321 of 414 — 78%,82% — 451 of 551,7 of 17 — 41%,29% — 2 of 7,2 of 2 — 100%,57% — 4 of 7,1.0,0,1.0,0,11,16,7,5,18,22,523,642,11,12,12,11,9,12,26,20,2,2,7,9,18,23,49,71
0,Stefan Mitrović,Yannick Cahuzac,(3-5-1-1),(3-4-1-2),60%,40%,399 of 535 — 75%,73% — 264 of 361,5 of 17 — 29%,33% — 4 of 12,2 of 4 — 50%,80% — 4 of 5,2.0,0,5.0,0,10,10,12,7,32,15,631,496,8,10,4,8,31,20,16,41,0,1,9,10,36,18,103,62
0,Haris Belkebla,Ismaël Traoré,(4-4-2),(4-4-1-1),52%,48%,480 of 585 — 82%,81% — 430 of 533,2 of 11 — 18%,33% — 5 of 15,5 of 5 — 100%,100% — 2 of 2,1.0,0,3.0,0,17,11,3,6,22,18,687,641,13,10,13,10,22,15,18,20,2,0,8,10,22,15,88,60
0,Andrei Girotto,Fabien Lemoine,(5-3-2),(3-4-3),37%,63%,276 of 391 — 71%,82% — 544 of 663,3 of 8 — 38%,20% — 3 of 15,2 of 3 — 66%,66% — 2 of 3,0.0,0,1.0,0,11,8,2,7,19,24,513,773,28,9,10,11,19,21,28,14,0,1,9,8,21,28,81,99
0,Bruno Ecuele Manga,Yunis Abdelhamid,(5-3-2),(4-1-4-1),53%,47%,438 of 558 — 78%,78% — 379 of 485,4 of 10 — 40%,22% — 2 of 9,1 of 2 — 50%,100% — 4 of 4,3.0,0,0.0,0,10,10,2,3,20,19,650,591,12,14,16,19,14,16,18,16,1,3,13,8,18,28,88,90
0,Vitorino Hilton,Laurent Koscielny,(4-2-3-1),(4-3-3),44%,56%,346 of 434 — 80%,82% — 453 of 553,9 of 23 — 39%,23% — 3 of 13,2 of 3 — 66%,66% — 6 of 9,1.0,0,2.0,0,8,10,6,6,25,20,547,654,11,12,11,9,15,18,23,19,2,2,8,9,21,19,76,65
0,José Fonte,Renaud Ripart,(4-4-2),(4-1-4-1),72%,28%,675 of 801 — 84%,67% — 207 of 308,4 of 15 — 27%,40% — 4 of 10,2 of 4 — 50%,75% — 3 of 4,2.0,0,0.0,0,19,10,8,0,42,5,908,456,11,19,6,12,20,15,5,35,3,0,8,8,21,14,81,75
0,Memphis,Marquinhos,(4-3-3),(4-2-3-1),43%,57%,406 of 479 — 85%,89% — 561 of 631,7 of 8 — 88%,64% — 9 of 14,5 of 9 — 55%,71% — 5 of 7,2.0,0,0.0,0,14,15,1,4,11,9,577,732,25,21,4,11,7,8,8,16,4,1,7,8,18,11,42,43
0,Axel Disasi,John Boye,(4-2-3-1),(3-4-1-2),61%,39%,460 of 564 — 82%,79% — 282 of 357,4 of 13 — 31%,17% — 1 of 6,1 of 1 — 100%,50% — 2 of 4,0.0,0,7.5,0,16,15,8,1,17,8,638,473,9,16,6,16,9,13,8,19,3,1,3,7,25,13,69,51
0,Marquinhos,José Fonte,(4-2-3-1),(4-4-2),65%,35%,544 of 643 — 85%,74% — 258 of 348,3 of 16 — 19%,100% — 3 of 3,2 of 3 — 66%,100% — 3 of 3,7.5,0,5.5,0,18,12,5,0,30,4,744,474,13,21,9,18,8,5,5,35,0,2,1,10,28,17,55,57
0,Yannick Cahuzac,Memphis,(3-1-4-2),(4-3-3),40%,60%,320 of 425 — 75%,83% — 537 of 646,4 of 9 — 44%,33% — 5 of 15,4 of 5 — 80%,75% — 3 of 4,3.0,0,3.0,1,12,14,2,4,21,20,539,740,12,18,20,5,12,16,26,13,1,2,11,6,13,25,87,48
0,Ismaël Traoré,Vitorino Hilton,(4-4-1-1),(4-2-3-1),62%,38%,558 of 667 — 84%,71% — 291 of 409,4 of 14 — 29%,38% — 3 of 8,2 of 3 — 66%,75% — 3 of 4,1.0,0,1.0,0,15,9,4,0,16,13,777,512,16,21,6,10,19,20,15,10,1,1,7,10,25,25,72,68
0,Andrei Girotto,Pierre Lees-Melou,(4-4-2),(4-3-3),50%,50%,367 of 477 — 77%,80% — 383 of 476,6 of 18 — 33%,44% — 7 of 16,6 of 7 — 85%,83% — 5 of 6,1.0,0,2.0,0,15,14,10,5,24,11,584,610,24,19,5,13,12,12,16,23,0,1,4,9,24,19,72,75
0,Xavier Chavalerin,Damien Da Silva,(4-1-4-1),(4-4-2),42%,58%,334 of 411 — 81%,86% — 482 of 560,4 of 9 — 44%,39% — 7 of 18,6 of 7 — 85%,50% — 2 of 4,3.0,1,3.0,0,7,11,1,6,9,21,495,644,8,10,10,10,12,13,18,6,1,1,9,7,14,21,56,44
0,Laurent Koscielny,Stefan Mitrović,(3-4-1-2),(4-1-2-1-2),62%,38%,540 of 636 — 85%,75% — 299 of 397,5 of 13 — 38%,36% — 4 of 11,2 of 4 — 50%,80% — 4 of 5,1.0,0,1.0,0,8,15,6,5,30,19,728,490,8,20,8,17,12,19,11,15,0,0,7,9,19,16,63,77
0,Fabien Lemoine,Haris Belkebla,(3-4-3),(3-4-3),46%,54%,325 of 442 — 74%,77% — 400 of 521,4 of 13 — 31%,20% — 1 of 5,1 of 1 — 100%,75% — 3 of 4,3.0,0,2.0,1,9,23,6,5,15,13,527,610,15,14,8,19,11,24,6,11,3,0,6,12,19,22,71,87
0,Renaud Ripart,Mathieu Debuchy,(4-1-4-1),(4-1-4-1),53%,47%,377 of 482 — 78%,74% — 313 of 422,2 of 13 — 15%,33% — 5 of 15,3 of 5 — 60%,100% — 2 of 2,5.0,0,2.0,0,12,19,5,3,12,19,610,567,22,23,8,14,16,19,17,20,2,1,6,9,36,26,84,86
0,Steve Mandanda,Bruno Ecuele Manga,(3-4-3),(3-4-1-2),63%,37%,595 of 694 — 86%,74% — 295 of 399,3 of 16 — 19%,25% — 1 of 4,1 of 1 — 100%,33% — 1 of 3,2.0,0,4.0,0,11,9,7,1,21,15,801,500,20,12,10,11,14,6,17,23,3,3,5,12,13,18,38,61
0,John Boye,José Fonte,(3-4-3),(4-4-2),50%,50%,351 of 455 — 77%,76% — 343 of 454,6 of 17 — 35%,67% — 6 of 9,4 of 6 — 66%,100% — 6 of 6,2.0,0,2.0,0,16,13,10,2,21,13,587,572,23,25,7,8,12,13,19,25,0,2,3,10,18,27,76,55
0,Stefan Mitrović,Presnel Kimpembe,(4-2-3-1),(4-2-3-1),37%,63%,308 of 403 — 76%,87% — 584 of 674,3 of 9 — 33%,44% — 7 of 16,3 of 7 — 42%,66% — 2 of 3,0.0,0,1.0,0,8,6,5,4,20,14,503,789,24,20,16,10,7,10,8,15,4,0,9,7,21,20,92,60
0,Vitorino Hilton,Steve Mandanda,(4-3-3),(3-4-3),44%,56%,282 of 393 — 72%,85% — 420 of 495,7 of 20 — 35%,54% — 7 of 13,4 of 7 — 57%,57% — 4 of 7,2.0,0,2.0,1,17,12,6,3,30,18,490,631,12,15,9,10,10,8,14,38,2,0,5,7,30,16,70,41
0,Damien Da Silva,Alban Lafont,(4-4-2),(3-5-2),64%,36%,564 of 682 — 83%,73% — 284 of 387,4 of 14 — 29%,50% — 2 of 4,2 of 2 — 100%,75% — 3 of 4,6.0,0,2.0,0,16,15,3,3,12,14,788,513,23,17,12,15,14,30,17,26,2,0,8,4,26,17,67,71
0,Brendan Chardonnet,Renaud Ripart,(4-4-2),(4-1-4-1),63%,37%,465 of 580 — 80%,67% — 225 of 336,4 of 22 — 18%,60% — 3 of 5,2 of 3 — 66%,75% — 3 of 4,4.0,0,1.0,0,15,16,9,2,36,7,721,475,14,10,15,13,32,18,12,37,1,2,5,18,22,18,82,80
0,Mathieu Debuchy,Laurent Koscielny,(4-1-4-1),(4-3-3),37%,63%,249 of 339 — 73%,83% — 483 of 584,4 of 15 — 27%,11% — 1 of 9,1 of 1 — 100%,50% — 2 of 4,3.0,0,0.0,0,12,17,5,6,13,20,452,671,24,11,13,6,17,19,19,10,0,2,7,10,20,30,59,56
0,Yannick Cahuzac,Fabien Lemoine,(3-4-1-2),(3-4-1-2),38%,62%,280 of 364 — 77%,81% — 488 of 604,4 of 12 — 33%,29% — 5 of 17,4 of 5 — 80%,50% — 2 of 4,0.0,0,0.0,0,11,8,5,10,6,32,506,716,13,18,22,12,16,16,37,8,0,0,8,8,18,37,39,67
0,Morgan Schneiderlin,Yunis Abdelhamid,(4-3-3),(4-3-3),54%,46%,445 of 508 — 88%,82% — 353 of 430,2 of 13 — 15%,10% — 1 of 10,1 of 1 — 100%,100% — 2 of 2,0.0,0,1.0,0,13,11,10,6,15,25,594,525,11,25,5,8,11,6,18,13,0,2,8,10,11,14,40,55
0,Axel Disasi,Bruno Ecuele Manga,(4-2-3-1),(3-4-1-2),64%,36%,578 of 686 — 84%,72% — 284 of 392,8 of 14 — 57%,17% — 1 of 6,1 of 1 — 100%,75% — 6 of 8,1.0,0,1.0,0,10,16,6,4,17,14,784,497,19,14,9,10,17,11,10,18,4,1,7,8,25,16,58,76
0,Memphis,Ismaël Traoré,(4-2-3-1),(5-3-2),53%,47%,522 of 638 — 82%,82% — 454 of 555,6 of 16 — 38%,27% — 3 of 11,3 of 3 — 100%,50% — 3 of 6,0.0,0,0.0,0,15,14,5,4,20,17,752,678,28,12,9,17,16,5,13,18,6,1,5,8,16,11,54,59
0,José Fonte,Andy Delort,(4-4-2),(4-3-3),63%,37%,533 of 658 — 81%,74% — 285 of 386,9 of 20 — 45%,40% — 4 of 10,3 of 4 — 75%,88% — 8 of 9,3.0,0,1.0,0,14,11,9,0,33,13,761,537,20,18,6,17,14,25,10,37,1,2,5,10,23,15,68,87
0,Ismaël Traoré,Damien Da Silva,(4-3-3),(4-3-3),41%,59%,417 of 505 — 83%,87% — 626 of 720,3 of 10 — 30%,33% — 3 of 9,0 of 3 — 0%,100% — 3 of 3,2.0,0,0.0,0,11,10,2,3,13,8,586,797,11,14,12,6,4,11,17,15,3,3,6,6,15,15,57,65
0,Steve Mandanda,Fabien Lemoine,(5-3-2),(5-4-1),73%,27%,681 of 777 — 88%,73% — 213 of 290,5 of 13 — 38%,50% — 6 of 12,4 of 6 — 66%,40% — 2 of 5,1.0,0,0.0,0,9,15,8,3,25,5,866,402,11,9,14,12,8,4,7,28,1,0,4,5,20,12,60,47
0,Presnel Kimpembe,Mathieu Debuchy,(4-2-3-1),(4-4-2),71%,29%,628 of 737 — 85%,72% — 219 of 304,4 of 16 — 25%,71% — 5 of 7,3 of 5 — 60%,50% — 2 of 4,1.0,0,1.0,0,13,15,13,3,33,15,836,451,18,17,6,18,9,11,14,36,0,4,2,9,21,17,37,64
0,Bruno Ecuele Manga,Pierre Lees-Melou,(5-3-2),(4-3-3),43%,57%,338 of 427 — 79%,82% — 455 of 555,2 of 8 — 25%,20% — 2 of 10,2 of 2 — 100%,50% — 1 of 2,1.0,0,1.0,0,8,13,1,9,14,25,544,652,17,23,13,12,12,14,25,12,5,1,10,4,20,21,76,55
0,Renaud Ripart,Stefan Mitrović,(4-1-4-1),(4-1-2-1-2),52%,48%,429 of 532 — 81%,78% — 378 of 482,0 of 4 — 0%,33% — 2 of 6,1 of 2 — 50%,% — 0 of 0,0.0,0,2.0,1,10,17,2,1,16,10,627,581,12,21,12,16,17,14,10,15,3,0,4,8,33,23,73,87
0,Yunis Abdelhamid,John Boye,(4-4-2),(3-4-3),48%,52%,389 of 491 — 79%,81% — 427 of 525,6 of 15 — 40%,18% — 2 of 11,2 of 2 — 100%,100% — 6 of 6,3.0,0,1.0,0,13,17,10,4,31,14,599,645,19,12,7,12,17,27,14,29,1,3,9,11,26,16,68,59
0,Brendan Chardonnet,Yannick Cahuzac,(4-4-2),(3-4-1-2),46%,54%,296 of 396 — 75%,79% — 366 of 465,5 of 7 — 71%,14% — 1 of 7,1 of 1 — 100%,100% — 5 of 5,3.5,0,10.0,0,14,16,2,4,14,15,490,558,17,13,14,4,23,19,14,21,2,1,11,10,35,19,88,68
0,Laurent Koscielny,Wissam Ben Yedder,(5-3-2),(4-2-3-1),41%,59%,354 of 457 — 77%,82% — 543 of 659,2 of 7 — 29%,46% — 6 of 13,3 of 6 — 50%,100% — 2 of 2,5.5,0,1.0,0,13,11,4,5,15,20,578,756,17,17,13,7,13,11,21,14,1,2,7,5,14,16,82,62
0,Alban Lafont,Memphis,(4-2-3-1),(4-2-3-1),49%,51%,399 of 520 — 77%,77% — 414 of 538,3 of 12 — 25%,30% — 3 of 10,2 of 3 — 66%,66% — 2 of 3,0.0,0,1.0,0,16,10,5,4,21,12,642,664,22,19,9,7,14,21,12,23,2,1,5,6,21,28,80,82
0,Yunis Abdelhamid,Steve Mandanda,(4-1-4-1),(3-5-2),42%,58%,374 of 451 — 83%,87% — 545 of 627,1 of 10 — 10%,55% — 6 of 11,3 of 6 — 50%,0% — 0 of 1,3.5,0,0.0,0,9,2,5,2,16,11,546,712,19,11,14,11,13,11,18,15,2,2,6,10,18,12,72,44
0,Mathieu Debuchy,Haris Belkebla,(4-3-3),(4-4-2),44%,56%,288 of 380 — 76%,76% — 374 of 489,3 of 6 — 50%,58% — 7 of 12,5 of 7 — 71%,66% — 2 of 3,2.0,0,1.0,0,17,11,3,2,19,16,515,589,16,24,15,9,20,10,19,12,1,0,9,9,33,28,80,83
0,John Boye,Presnel Kimpembe,(3-5-1-1),(4-3-3),34%,66%,289 of 361 — 80%,88% — 627 of 711,3 of 8 — 38%,33% — 6 of 18,4 of 6 — 66%,66% — 2 of 3,1.0,0,4.0,0,12,12,1,9,11,15,477,809,15,28,19,9,7,6,17,10,1,0,12,5,15,15,61,58
0,Morgan Schneiderlin,Andy Delort,(4-1-4-1),(4-2-3-1),58%,42%,455 of 539 — 84%,74% — 285 of 385,8 of 18 — 44%,21% — 3 of 14,2 of 3 — 66%,62% — 5 of 8,1.0,0,2.0,0,13,17,7,6,18,26,665,501,16,22,5,6,14,15,24,16,1,2,10,7,19,19,62,87
0,Yannick Cahuzac,Renaud Ripart,(3-5-2),(4-1-4-1),44%,56%,305 of 405 — 75%,80% — 414 of 518,4 of 7 — 57%,7% — 1 of 15,1 of 1 — 100%,50% — 2 of 4,1.0,1,2.0,0,14,15,4,6,9,25,530,630,20,17,12,12,12,12,34,5,1,1,12,5,30,27,68,68
0,Fabien Lemoine,Benoît Costil,(5-4-1),(4-1-4-1),43%,57%,317 of 417 — 76%,82% — 448 of 545,7 of 13 — 54%,54% — 7 of 13,6 of 7 — 85%,42% — 3 of 7,2.0,0,3.0,0,9,14,6,3,15,13,529,636,25,8,8,7,10,19,19,9,1,1,11,9,19,31,78,58
0,Hamari Traoré,Bruno Ecuele Manga,(4-3-3),(5-3-2),74%,26%,736 of 809 — 91%,76% — 220 of 289,11 of 25 — 44%,0% — 0 of 3,0 of 0 — %,54% — 6 of 11,6.0,0,3.0,0,13,8,8,2,12,7,896,388,15,15,6,8,8,8,6,12,3,1,2,8,16,13,52,56
0,Stefan Mitrović,Alban Lafont,(4-3-1-2),(4-2-3-1),64%,36%,437 of 573 — 76%,63% — 201 of 321,4 of 12 — 33%,71% — 5 of 7,3 of 5 — 60%,75% — 3 of 4,1.0,0,3.0,0,15,13,6,4,24,17,701,456,22,23,12,11,40,33,22,25,0,4,7,10,36,22,99,76
0,Ismaël Traoré,Axel Disasi,(5-3-2),(4-4-2),42%,58%,296 of 417 — 71%,81% — 469 of 579,0 of 4 — 0%,30% — 3 of 10,2 of 3 — 66%,% — 0 of 0,2.0,0,2.0,0,18,11,4,1,14,13,506,691,13,20,10,10,9,15,10,12,2,2,12,4,25,23,80,74
0,Memphis,José Fonte,(4-2-3-1),(4-4-2),46%,54%,412 of 526 — 78%,86% — 525 of 614,2 of 7 — 29%,44% — 7 of 16,4 of 7 — 57%,50% — 1 of 2,0.0,0,3.0,0,9,13,8,4,22,14,609,731,10,12,9,12,14,13,9,25,1,1,6,8,18,21,78,66
0,Steve Mandanda,Stefan Mitrović,(3-5-2),(5-3-2),68%,32%,608 of 700 — 87%,73% — 246 of 335,4 of 8 — 50%,63% — 5 of 8,4 of 5 — 80%,75% — 3 of 4,4.0,0,2.0,0,10,14,5,6,23,19,791,429,6,15,5,6,20,16,16,26,1,0,2,13,28,14,51,70
0,Marquinhos,Yannick Cahuzac,(4-2-3-1),(5-3-2),59%,41%,560 of 628 — 89%,84% — 361 of 428,6 of 14 — 43%,20% — 3 of 15,2 of 3 — 66%,66% — 4 of 6,4.0,0,2.0,0,14,16,6,2,11,15,713,526,15,21,10,14,5,6,8,14,3,2,11,7,17,7,43,50
0,José Fonte,Morgan Schneiderlin,(4-4-2),(4-1-4-1),55%,45%,576 of 656 — 88%,84% — 450 of 534,4 of 12 — 33%,% — 0 of 0,0 of 0 — %,50% — 2 of 4,2.0,0,4.5,0,9,12,5,1,14,13,744,609,13,14,7,17,9,5,13,10,2,2,2,8,18,21,59,45
0,Benoît Costil,Damien Da Silva,(4-4-2),(4-3-3),45%,55%,350 of 436 — 80%,80% — 421 of 525,3 of 9 — 33%,22% — 2 of 9,2 of 2 — 100%,66% — 2 of 3,4.0,0,1.0,1,14,14,3,5,9,22,553,629,14,23,14,9,15,21,20,9,1,1,9,4,24,24,61,59
0,Haris Belkebla,Alban Lafont,(4-4-2),(4-2-3-1),59%,41%,511 of 621 — 82%,74% — 321 of 433,7 of 16 — 44%,45% — 5 of 11,2 of 5 — 40%,85% — 6 of 7,2.0,0,0.0,0,12,10,5,5,18,13,743,562,15,20,10,15,13,19,18,26,2,2,3,8,33,21,73,72
0,Bruno Ecuele Manga,John Boye,(5-3-2),(4-3-3),45%,55%,337 of 434 — 78%,82% — 436 of 534,4 of 10 — 40%,43% — 6 of 14,2 of 6 — 33%,75% — 3 of 4,1.0,1,1.0,0,11,16,6,3,13,19,532,642,12,27,10,19,16,20,14,7,0,1,11,3,16,19,64,69
0,Fabien Lemoine,Ismaël Traoré,(5-3-2),(5-3-2),50%,50%,483 of 576 — 84%,84% — 491 of 583,3 of 12 — 25%,22% — 2 of 9,2 of 2 — 100%,66% — 2 of 3,4.5,0,3.0,1,8,13,5,0,11,12,665,677,15,15,15,15,13,8,16,7,4,0,10,6,14,15,46,82
0,Renaud Ripart,Yunis Abdelhamid,(4-2-3-1),(4-3-3),51%,49%,355 of 464 — 77%,76% — 333 of 439,7 of 18 — 39%,58% — 7 of 12,5 of 7 — 71%,71% — 5 of 7,2.0,0,2.0,0,15,13,10,5,26,13,582,559,14,13,11,6,11,19,14,30,1,0,6,13,34,26,73,66
0,Andy Delort,Mathieu Debuchy,(4-2-3-1),(4-4-2),45%,55%,301 of 411 — 73%,81% — 406 of 500,2 of 13 — 15%,37% — 7 of 19,5 of 7 — 71%,50% — 1 of 2,2.0,0,1.0,0,15,12,7,7,21,19,528,617,25,8,12,15,16,23,25,20,1,0,8,5,22,33,76,76
0,Wissam Ben Yedder,Memphis,(4-2-3-1),(3-4-1-2),48%,52%,340 of 469 — 72%,79% — 403 of 509,3 of 11 — 27%,29% — 5 of 17,2 of 5 — 40%,66% — 2 of 3,1.0,2,5.5,2,23,16,5,5,10,19,558,615,17,10,5,16,20,20,15,7,2,3,11,7,20,11,79,75
0,Yannick Cahuzac,José Fonte,(5-3-2),(4-4-2),49%,51%,472 of 539 — 88%,88% — 496 of 561,5 of 11 — 45%,50% — 5 of 10,3 of 5 — 60%,100% — 5 of 5,4.5,0,2.0,0,15,9,5,4,20,12,616,650,8,17,14,10,10,5,8,14,0,0,5,5,17,12,48,57
0,Alban Lafont,Benoît Costil,(4-4-2),(4-4-2),49%,51%,320 of 447 — 72%,74% — 353 of 474,2 of 10 — 20%,20% — 2 of 10,2 of 2 — 100%,0% — 0 of 2,0.0,0,5.0,0,13,20,5,2,14,13,566,598,9,16,9,8,15,17,19,25,0,2,8,8,14,30,88,72
0,Leo Dubois,Fabien Lemoine,(4-3-3),(5-3-2),59%,41%,552 of 636 — 87%,81% — 360 of 443,9 of 24 — 38%,25% — 2 of 8,1 of 2 — 50%,66% — 6 of 9,2.0,0,2.0,0,17,10,5,1,11,8,759,553,19,15,16,17,13,6,4,18,0,1,4,14,23,18,59,53
0,Mathieu Debuchy,Steve Mandanda,(4-4-2),(3-1-4-2),45%,55%,262 of 355 — 74%,76% — 333 of 438,5 of 18 — 28%,27% — 4 of 15,4 of 4 — 100%,80% — 4 of 5,1.0,0,3.0,0,22,12,10,4,17,21,476,544,15,19,9,6,7,14,20,18,2,3,8,8,20,25,77,68
0,Thomas Mangani,Bruno Ecuele Manga,(4-2-3-1),(4-2-3-1),44%,56%,414 of 502 — 82%,84% — 532 of 630,5 of 12 — 42%,20% — 1 of 5,1 of 1 — 100%,40% — 2 of 5,0.0,0,0.0,0,8,11,1,4,5,11,608,726,19,12,12,12,4,15,10,9,2,1,6,4,20,26,54,50
0,John Boye,Lamine Fomba,(4-3-3),(4-2-3-1),58%,42%,500 of 603 — 83%,74% — 320 of 431,2 of 11 — 18%,44% — 4 of 9,2 of 4 — 50%,100% — 2 of 2,1.0,0,2.0,0,13,12,0,6,12,17,707,520,11,18,14,14,14,6,17,5,1,2,7,9,18,27,58,64
0,Pierre Lees-Melou,Haris Belkebla,(4-1-4-1),(4-4-2),63%,37%,584 of 664 — 88%,80% — 319 of 398,5 of 14 — 36%,22% — 2 of 9,0 of 2 — 0%,40% — 2 of 5,1.0,1,1.0,0,8,11,7,5,30,12,741,495,12,13,5,12,7,16,7,27,0,0,7,9,19,19,58,56
0,Stefan Mitrović,Vitorino Hilton,(4-1-2-1-2),(4-3-3),57%,43%,404 of 516 — 78%,70% — 268 of 382,7 of 18 — 39%,50% — 3 of 6,0 of 3 — 0%,71% — 5 of 7,2.0,0,3.0,0,16,16,4,6,30,16,612,494,16,10,6,5,17,25,15,27,1,1,4,9,26,18,81,86
0,Yunis Abdelhamid,Wissam Ben Yedder,(4-1-4-1),(3-4-3),40%,60%,361 of 451 — 80%,87% — 597 of 683,2 of 8 — 25%,29% — 2 of 7,1 of 2 — 50%,100% — 2 of 2,1.0,0,3.0,0,11,13,3,3,12,10,546,782,8,18,13,8,9,7,11,9,1,0,5,6,29,17,77,60
0,Damien Da Silva,Marquinhos,(4-4-2),(4-2-3-1),43%,57%,366 of 455 — 80%,87% — 532 of 610,10 of 19 — 53%,27% — 3 of 11,3 of 3 — 100%,90% — 9 of 10,4.0,0,1.0,1,12,11,9,3,13,19,557,713,14,14,10,13,11,13,16,20,4,2,8,7,18,15,67,52
0,Marquinhos,Yunis Abdelhamid,(4-2-3-1),(4-1-4-1),58%,42%,574 of 631 — 91%,85% — 397 of 466,8 of 27 — 30%,0% — 0 of 2,0 of 0 — %,62% — 5 of 8,0.0,0,0.0,1,14,4,9,5,23,10,728,571,13,24,18,11,7,3,9,24,1,2,3,16,17,7,22,71
0,Morgan Schneiderlin,Stefan Mitrović,(4-1-4-1),(5-3-2),72%,28%,643 of 733 — 88%,73% — 212 of 289,3 of 7 — 43%,45% — 5 of 11,3 of 5 — 60%,100% — 3 of 3,2.0,0,1.0,0,9,10,4,4,22,14,817,391,17,11,9,18,13,13,10,18,1,2,2,6,26,14,58,70
0,Vitorino Hilton,Haris Belkebla,(4-3-3),(4-4-2),41%,59%,296 of 392 — 76%,80% — 461 of 575,2 of 4 — 50%,38% — 8 of 21,8 of 8 — 100%,100% — 2 of 2,0.0,1,3.0,0,18,13,1,11,19,38,518,673,14,16,14,8,22,24,32,13,0,0,13,8,20,29,90,86
0,Bruno Ecuele Manga,Alban Lafont,(5-3-2),(4-4-2),71%,29%,612 of 728 — 84%,67% — 204 of 303,1 of 10 — 10%,25% — 4 of 16,0 of 4 — 0%,100% — 1 of 1,2.0,0,1.0,0,12,10,3,6,15,17,821,424,18,20,8,8,19,16,19,22,1,1,11,6,36,19,88,65
0,Benoît Costil,Jean-Louis Leca,(5-3-2),(5-3-2),34%,66%,217 of 318 — 68%,83% — 517 of 623,3 of 10 — 30%,29% — 4 of 14,4 of 4 — 100%,33% — 1 of 3,2.0,0,2.0,0,16,15,1,6,9,30,435,723,21,15,14,12,19,11,28,8,1,2,10,6,18,26,68,60
0,Renaud Ripart,Memphis,(4-2-3-1),(4-2-3-1),43%,57%,368 of 469 — 78%,83% — 519 of 625,4 of 8 — 50%,62% — 13 of 21,8 of 13 — 61%,50% — 2 of 4,0.0,0,0.0,0,7,13,3,6,12,7,584,729,14,18,11,10,8,15,10,8,2,0,9,2,20,30,71,56
0,José Fonte,Mathieu Debuchy,(4-4-2),(4-4-2),59%,41%,538 of 646 — 83%,76% — 340 of 446,3 of 14 — 21%,13% — 1 of 8,1 of 1 — 100%,100% — 3 of 3,1.0,0,2.0,0,11,14,3,6,15,19,778,578,20,20,9,8,18,13,15,26,1,1,4,13,28,21,77,72
0,Fabien Lemoine,Dylan Bronn,(3-5-2),(5-3-2),38%,62%,316 of 412 — 77%,85% — 576 of 677,1 of 5 — 20%,33% — 1 of 3,0 of 1 — 0%,0% — 0 of 1,1.0,0,4.0,0,16,19,2,1,8,15,514,761,25,13,7,11,7,16,19,6,0,0,7,6,19,23,56,63
0,Steve Mandanda,Thomas Mangani,(4-4-2),(4-2-3-1),53%,47%,510 of 575 — 89%,86% — 445 of 517,10 of 15 — 67%,45% — 5 of 11,3 of 5 — 60%,80% — 8 of 10,3.0,0,2.0,0,16,12,3,4,13,10,674,608,25,8,11,7,5,4,10,12,2,2,5,7,12,17,47,57
0,Wissam Ben Yedder,Damien Da Silva,(4-4-2),(4-3-3),40%,60%,286 of 405 — 71%,79% — 486 of 616,3 of 11 — 27%,22% — 2 of 9,2 of 2 — 100%,33% — 1 of 3,2.0,0,2.0,1,12,14,4,4,10,17,536,724,23,12,14,5,21,28,22,14,2,0,10,5,27,32,81,99
0,Stefan Mitrović,Fabien Lemoine,(5-3-2),(5-3-2),51%,49%,436 of 517 — 84%,82% — 400 of 489,2 of 6 — 33%,14% — 1 of 7,0 of 1 — 0%,50% — 1 of 2,1.0,0,1.0,0,17,9,2,3,7,16,604,557,15,13,10,9,24,12,11,11,0,1,11,9,20,24,96,52
0,John Boye,Steve Mandanda,(4-3-3),(3-4-1-2),36%,64%,284 of 364 — 78%,84% — 543 of 647,2 of 9 — 22%,13% — 1 of 8,1 of 1 — 100%,100% — 2 of 2,3.0,0,2.0,0,14,10,1,10,15,28,474,734,12,14,11,10,10,9,31,8,1,0,6,10,21,24,58,72
0,Mahdi Camara,Bruno Ecuele Manga,(4-4-2),(4-4-2),65%,35%,558 of 673 — 83%,70% — 250 of 357,5 of 19 — 26%,22% — 2 of 9,1 of 2 — 50%,100% — 5 of 5,1.0,0,0.0,0,13,10,9,3,25,9,787,483,15,29,10,14,15,16,18,18,1,0,9,13,30,15,102,75
0,Xavier Chavalerin,Laurent Koscielny,(4-4-2),(5-3-2),56%,44%,518 of 599 — 86%,85% — 405 of 476,3 of 10 — 30%,42% — 5 of 12,3 of 5 — 60%,66% — 2 of 3,1.0,0,1.0,0,11,6,5,2,24,11,670,560,10,11,2,10,13,17,10,15,2,1,7,10,14,14,89,60
0,Hamari Traoré,Renaud Ripart,(4-4-2),(4-1-4-1),68%,32%,798 of 877 — 91%,83% — 343 of 415,6 of 12 — 50%,22% — 2 of 9,2 of 2 — 100%,66% — 4 of 6,1.0,0,0.0,0,11,10,4,3,25,7,962,514,15,14,10,14,7,4,9,18,0,2,8,6,16,12,50,48
0,Memphis,Pierre Lees-Melou,(4-2-3-1),(4-1-4-1),55%,45%,457 of 558 — 82%,82% — 378 of 460,6 of 12 — 50%,43% — 6 of 14,3 of 6 — 50%,66% — 4 of 6,1.0,0,2.0,0,8,10,6,6,20,13,668,583,19,14,7,15,7,7,8,20,2,0,8,9,24,10,49,70
0,Romain Thomas,Benjamin André,(4-2-3-1),(4-4-2),57%,43%,605 of 700 — 86%,82% — 433 of 528,4 of 11 — 36%,25% — 1 of 4,0 of 1 — 0%,75% — 3 of 4,0.0,0,2.0,0,10,14,4,2,18,4,793,625,11,17,11,16,12,11,10,14,0,4,3,8,19,18,62,46
0,Yannick Cahuzac,Wissam Ben Yedder,(5-3-2),(3-4-3),35%,65%,260 of 366 — 71%,81% — 556 of 689,1 of 4 — 25%,16% — 3 of 19,3 of 3 — 100%,100% — 1 of 1,3.0,0,2.0,0,16,6,2,7,6,28,490,770,13,14,14,8,11,14,28,6,3,4,18,4,14,22,59,75
0,Alban Lafont,Vitorino Hilton,(4-4-2),(4-3-3),49%,51%,299 of 415 — 72%,74% — 320 of 430,5 of 15 — 33%,57% — 4 of 7,2 of 4 — 50%,80% — 4 of 5,2.0,0,2.0,0,8,11,9,5,28,21,527,566,19,25,7,11,28,22,19,28,1,1,4,13,26,23,77,89
0,Haris Belkebla,Marquinhos,(4-4-2),(4-3-3),37%,63%,327 of 427 — 77%,88% — 644 of 734,5 of 6 — 83%,50% — 4 of 8,3 of 4 — 75%,100% — 5 of 5,1.0,0,2.0,0,7,6,5,4,14,16,509,830,14,9,7,4,10,9,14,12,1,0,11,4,15,21,71,51
