Season,Position,Team,Matches,Wins,Draws,Losses,Goals,Goal Difference,Points,Pts/Match
24/25,1,Galatasaray,36,30,5,1,91:31,60,95,2.638888888888889
24/25,2,Fenerbahçe,36,26,6,4,90:39,51,84,2.3333333333333335
24/25,3,Samsunspor,36,19,7,10,55:41,14,64,1.7777777777777777
24/25,4,Beşiktaş,36,17,11,8,59:36,23,62,1.7222222222222223
24/25,5,Başakşehir,36,16,6,14,60:56,4,54,1.5
24/25,6,Eyüpspor,36,15,8,13,52:47,5,53,1.4722222222222223
24/25,7,Trabzonspor,36,13,12,11,58:45,13,51,1.4166666666666667
24/25,8,Göztepe,36,13,11,12,59:50,9,50,1.3888888888888888
24/25,9,Ç. Rizespor,36,15,4,17,52:58,-6,49,1.3611111111111112
24/25,10,Kasımpaşa,36,11,14,11,62:63,-1,47,1.3055555555555556
24/25,11,Konyaspor,36,13,7,16,45:50,-5,46,1.2777777777777777
24/25,12,Alanyaspor,36,12,9,15,43:50,-7,45,1.25
24/25,13,Kayserispor,36,11,12,13,45:57,-12,45,1.25
24/25,14,Gaziantep FK,36,12,9,15,45:50,-5,45,1.25
24/25,15,Antalyaspor,36,12,8,16,37:62,-25,44,1.2222222222222223
24/25,16,Bodrum FK,36,9,10,17,26:43,-17,37,1.0277777777777777
24/25,17,Sivasspor,36,9,8,19,44:60,-16,35,0.9722222222222222
24/25,18,Hatayspor,36,6,8,22,47:74,-27,26,0.7222222222222222
24/25,19,Adana Demirspor,36,3,5,28,34:92,-58,2,0.05555555555555555
23/24,1,Galatasaray,38,33,3,2,92:26,66,102,2.6842105263157894
23/24,2,Fenerbahçe,38,31,6,1,99:31,68,99,2.6052631578947367
23/24,3,Trabzonspor,38,21,4,13,69:50,19,67,1.763157894736842
23/24,4,Başakşehir,38,18,7,13,57:43,14,61,1.605263157894737
23/24,5,Kasımpaşa,38,16,8,14,62:65,-3,56,1.4736842105263157
23/24,6,Beşiktaş,38,16,8,14,52:47,5,56,1.4736842105263157
23/24,7,Sivasspor,38,14,12,12,47:54,-7,54,1.4210526315789473
23/24,8,Alanyaspor,38,12,16,10,53:50,3,52,1.368421052631579
23/24,9,Ç. Rizespor,38,14,8,16,48:58,-10,50,1.3157894736842106
23/24,10,Antalyaspor,38,12,13,13,44:49,-5,49,1.2894736842105263
23/24,11,Gaziantep FK,38,12,8,18,50:57,-7,44,1.1578947368421053
23/24,12,Adana Demirspor,38,10,14,14,54:61,-7,44,1.1578947368421053
23/24,13,Samsunspor,38,11,10,17,42:52,-10,43,1.131578947368421
23/24,14,Kayserispor,38,11,12,15,44:57,-13,42,1.105263157894737
23/24,15,Hatayspor,38,9,14,15,45:52,-7,41,1.0789473684210527
23/24,16,Konyaspor,38,9,14,15,40:53,-13,41,1.0789473684210527
23/24,17,Ankaragücü,38,8,16,14,46:52,-6,40,1.0526315789473684
23/24,18,Karagümrük,38,10,10,18,49:52,-3,40,1.0526315789473684
23/24,19,Pendikspor,38,9,10,19,42:73,-31,37,0.9736842105263158
23/24,20,İstanbulspor,38,4,7,27,27:80,-53,16,0.42105263157894735
22/23,1,Galatasaray,36,28,4,4,83:27,56,88,2.4444444444444446
22/23,2,Fenerbahçe,36,25,5,6,87:42,45,80,2.2222222222222223
22/23,3,Beşiktaş,36,23,9,4,78:36,42,78,2.1666666666666665
22/23,4,Adana Demirspor,36,20,9,7,76:45,31,69,1.9166666666666667
22/23,5,Başakşehir,36,18,8,10,54:37,17,62,1.7222222222222223
22/23,6,Trabzonspor,36,17,6,13,64:54,10,57,1.5833333333333333
22/23,7,Karagümrük,36,13,12,11,75:63,12,51,1.4166666666666667
22/23,8,Konyaspor,36,12,15,9,49:41,8,51,1.4166666666666667
22/23,9,Kayserispor,36,15,5,16,55:61,-6,47,1.3055555555555556
22/23,10,Kasımpaşa,36,12,7,17,45:61,-16,43,1.1944444444444444
22/23,11,Ankaragücü,36,12,6,18,43:53,-10,42,1.1666666666666667
22/23,12,İstanbulspor,36,12,5,19,47:63,-16,41,1.1388888888888888
22/23,13,Antalyaspor,36,11,8,17,46:55,-9,41,1.1388888888888888
22/23,14,Sivasspor,36,11,8,17,46:54,-8,41,1.1388888888888888
22/23,15,Alanyaspor,36,11,8,17,54:70,-16,41,1.1388888888888888
22/23,16,Giresunspor,36,10,10,16,42:60,-18,40,1.1111111111111112
22/23,17,Ümraniyespor,36,7,9,20,47:64,-17,30,0.8333333333333334
22/23,18,Gaziantep FK,36,6,7,23,31:72,-41,25,0.6944444444444444
22/23,19,Hatayspor,36,6,5,25,19:83,-64,23,0.6388888888888888
21/22,1,Trabzonspor,38,23,12,3,69:36,33,81,2.1315789473684212
21/22,2,Fenerbahçe,38,21,10,7,73:38,35,73,1.9210526315789473
21/22,3,Konyaspor,38,20,8,10,66:45,21,68,1.7894736842105263
21/22,4,Başakşehir,38,19,8,11,56:36,20,65,1.7105263157894737
21/22,5,Alanyaspor,38,19,7,12,67:58,9,64,1.6842105263157894
21/22,6,Beşiktaş,38,15,14,9,56:48,8,59,1.5526315789473684
21/22,7,Antalyaspor,38,16,11,11,54:47,7,59,1.5526315789473684
21/22,8,Karagümrük,38,16,9,13,47:52,-5,57,1.5
21/22,9,Adana Demirspor,38,15,10,13,60:47,13,55,1.4473684210526316
21/22,10,Sivasspor,38,14,12,12,52:50,2,54,1.4210526315789473
21/22,11,Kasımpaşa,38,15,8,15,67:57,10,53,1.394736842105263
21/22,12,Hatayspor,38,15,8,15,56:60,-4,53,1.394736842105263
21/22,13,Galatasaray,38,14,10,14,51:53,-2,52,1.368421052631579
21/22,14,Kayserispor,38,12,11,15,54:61,-7,47,1.236842105263158
21/22,15,Gaziantep FK,38,12,10,16,48:56,-8,46,1.2105263157894737
21/22,16,Giresunspor,38,12,9,17,41:47,-6,45,1.1842105263157894
21/22,17,Ç. Rizespor,38,10,6,22,44:71,-27,36,0.9473684210526315
21/22,18,Altay SK,38,9,7,22,39:57,-18,34,0.8947368421052632
21/22,19,Göztepe,38,7,7,24,40:77,-37,28,0.7368421052631579
21/22,20,Y. Malatyaspor,38,5,5,28,27:71,-44,20,0.5263157894736842
20/21,1,Beşiktaş,40,26,6,8,89:44,45,84,2.1
20/21,2,Galatasaray,40,26,6,8,80:36,44,84,2.1
20/21,3,Fenerbahçe,40,25,7,8,72:41,31,82,2.05
20/21,4,Trabzonspor,40,19,14,7,50:37,13,71,1.775
20/21,5,Sivasspor,40,16,17,7,54:43,11,65,1.625
20/21,6,Hatayspor,40,17,10,13,62:53,9,61,1.525
20/21,7,Alanyaspor,40,17,9,14,58:45,13,60,1.5
20/21,8,Karagümrük,40,16,12,12,64:52,12,60,1.5
20/21,9,Gaziantep FK,40,15,13,12,59:51,8,58,1.45
20/21,10,Göztepe,40,13,12,15,59:59,0,51,1.275
20/21,11,Konyaspor,40,12,14,14,49:48,1,50,1.25
20/21,12,Başakşehir,40,12,12,16,43:55,-12,48,1.2
20/21,13,Ç. Rizespor,40,12,12,16,53:69,-16,48,1.2
20/21,14,Kasımpaşa,40,12,10,18,47:57,-10,46,1.15
20/21,15,Y. Malatyaspor,40,10,15,15,49:53,-4,45,1.125
20/21,16,Antalyaspor,40,9,17,14,41:55,-14,44,1.1
20/21,17,Kayserispor,40,9,14,17,35:52,-17,41,1.025
20/21,18,BB Erzurumspor,40,10,10,20,44:68,-24,40,1.0
20/21,19,Ankaragücü,40,10,8,22,46:65,-19,38,0.95
20/21,20,Gençlerbirliği,40,10,8,22,44:76,-32,38,0.95
20/21,21,Denizlispor,40,6,10,24,38:77,-39,28,0.7
19/20,1,Başakşehir,34,20,9,5,65:34,31,69,2.0294117647058822
19/20,2,Trabzonspor,34,18,11,5,76:42,34,65,1.911764705882353
19/20,3,Beşiktaş,34,19,5,10,59:40,19,62,1.8235294117647058
19/20,4,Sivasspor,34,17,9,8,55:38,17,60,1.7647058823529411
19/20,5,Alanyaspor,34,16,9,9,61:37,24,57,1.6764705882352942
19/20,6,Galatasaray,34,15,11,8,55:37,18,56,1.6470588235294117
19/20,7,Fenerbahçe,34,15,8,11,58:46,12,53,1.5588235294117647
19/20,8,Gaziantep FK,34,11,13,10,49:50,-1,46,1.3529411764705883
19/20,9,Antalyaspor,34,11,12,11,41:52,-11,45,1.3235294117647058
19/20,10,Kasımpaşa,34,12,7,15,53:58,-5,43,1.2647058823529411
19/20,11,Göztepe,34,11,9,14,44:49,-5,42,1.2352941176470589
19/20,12,Gençlerbirliği,34,9,9,16,39:56,-17,36,1.0588235294117647
19/20,13,Konyaspor,34,8,12,14,36:52,-16,36,1.0588235294117647
19/20,14,Denizlispor,34,9,8,17,31:48,-17,35,1.0294117647058822
19/20,15,Ç. Rizespor,34,10,5,19,38:57,-19,35,1.0294117647058822
19/20,16,Y. Malatyaspor,34,8,8,18,44:51,-7,32,0.9411764705882353
19/20,17,Ankaragücü,34,7,11,16,31:56,-25,32,0.9411764705882353
19/20,18,Kayserispor,34,8,8,18,40:72,-32,32,0.9411764705882353
18/19,1,Galatasaray,34,20,9,5,72:36,36,69,2.0294117647058822
18/19,2,Başakşehir,34,19,10,5,49:22,27,67,1.9705882352941178
18/19,3,Beşiktaş,34,19,8,7,72:46,26,65,1.911764705882353
18/19,4,Trabzonspor,34,18,9,7,64:46,18,63,1.8529411764705883
18/19,5,Y. Malatyaspor,34,13,8,13,47:46,1,47,1.3823529411764706
18/19,6,Fenerbahçe,34,11,13,10,44:44,0,46,1.3529411764705883
18/19,7,Antalyaspor,34,13,6,15,39:55,-16,45,1.3235294117647058
18/19,8,Konyaspor,34,9,17,8,40:38,2,44,1.2941176470588236
18/19,9,Alanyaspor,34,12,8,14,37:43,-6,44,1.2941176470588236
18/19,10,Kayserispor,34,10,11,13,35:50,-15,41,1.2058823529411764
18/19,11,Ç. Rizespor,34,9,14,11,48:50,-2,41,1.2058823529411764
18/19,12,Sivasspor,34,10,11,13,49:54,-5,41,1.2058823529411764
18/19,13,Ankaragücü,34,11,7,16,38:53,-15,40,1.1764705882352942
18/19,14,Kasımpaşa,34,11,6,17,53:62,-9,39,1.1470588235294117
18/19,15,Göztepe,34,11,5,18,37:42,-5,38,1.1176470588235294
18/19,16,Bursaspor,34,7,16,11,28:37,-9,37,1.088235294117647
18/19,17,BB Erzurumspor,34,8,11,15,36:43,-7,35,1.0294117647058822
18/19,18,Akhisarspor,34,6,9,19,33:54,-21,27,0.7941176470588235
17/18,1,Galatasaray,34,24,3,7,75:33,42,75,2.2058823529411766
17/18,2,Fenerbahçe,34,21,9,4,78:36,42,72,2.1176470588235294
17/18,3,Başakşehir,34,22,6,6,62:34,28,72,2.1176470588235294
17/18,4,Beşiktaş,34,21,8,5,69:30,39,71,2.088235294117647
17/18,5,Trabzonspor,34,15,10,9,63:51,12,55,1.6176470588235294
17/18,6,Göztepe,34,13,10,11,49:50,-1,49,1.4411764705882353
17/18,7,Sivasspor,34,14,7,13,45:53,-8,49,1.4411764705882353
17/18,8,Kasımpaşa,34,13,7,14,57:58,-1,46,1.3529411764705883
17/18,9,Kayserispor,34,12,8,14,44:55,-11,44,1.2941176470588236
17/18,10,Y. Malatyaspor,34,11,10,13,38:45,-7,43,1.2647058823529411
17/18,11,Akhisarspor,34,11,9,14,44:53,-9,42,1.2352941176470589
17/18,12,Alanyaspor,34,11,7,16,55:59,-4,40,1.1764705882352942
17/18,13,Bursaspor,34,11,6,17,43:48,-5,39,1.1470588235294117
17/18,14,Antalyaspor,34,10,8,16,40:59,-19,38,1.1176470588235294
17/18,15,Konyaspor,34,9,9,16,38:42,-4,36,1.0588235294117647
17/18,16,Osmanlıspor FK,34,8,9,17,49:60,-11,33,0.9705882352941176
17/18,17,Gençlerbirliği,34,8,9,17,37:54,-17,33,0.9705882352941176
17/18,18,Karabükspor,34,3,3,28,20:86,-66,12,0.35294117647058826
16/17,1,Beşiktaş,34,23,8,3,73:30,43,77,2.264705882352941
16/17,2,Başakşehir,34,21,10,3,63:28,35,73,2.1470588235294117
16/17,3,Fenerbahçe,34,18,10,6,60:32,28,64,1.8823529411764706
16/17,4,Galatasaray,34,20,4,10,65:40,25,64,1.8823529411764706
16/17,5,Antalyaspor,34,17,7,10,47:40,7,58,1.7058823529411764
16/17,6,Trabzonspor,34,14,9,11,39:34,5,51,1.5
16/17,7,Akhisar Belediye,34,14,6,14,46:42,4,48,1.411764705882353
16/17,8,Gençlerbirliği,34,12,10,12,33:34,-1,46,1.3529411764705883
16/17,9,Konyaspor,34,11,10,13,40:45,-5,43,1.2647058823529411
16/17,10,Kasımpaşa,34,12,7,15,46:50,-4,43,1.2647058823529411
16/17,11,Karabükspor,34,12,7,15,38:48,-10,43,1.2647058823529411
16/17,12,Alanyaspor,34,12,4,18,54:65,-11,40,1.1764705882352942
16/17,13,Osmanlıspor FK,34,9,11,14,37:45,-8,38,1.1176470588235294
16/17,14,Bursaspor,34,11,5,18,34:58,-24,38,1.1176470588235294
16/17,15,Kayserispor,34,10,8,16,47:58,-11,38,1.1176470588235294
16/17,16,Ç. Rizespor,34,10,6,18,44:53,-9,36,1.0588235294117647
16/17,17,Gaziantepspor,34,7,5,22,30:65,-35,26,0.7647058823529411
16/17,18,Adanaspor,34,6,7,21,33:62,-29,25,0.7352941176470589
15/16,1,Beşiktaş,34,25,4,5,75:35,40,79,2.323529411764706
15/16,2,Fenerbahçe,34,22,8,4,60:27,33,74,2.176470588235294
15/16,3,Konyaspor,34,19,9,6,44:33,11,66,1.9411764705882353
15/16,4,Başakşehir,34,16,11,7,54:36,18,59,1.7352941176470589
15/16,5,Osmanlıspor FK,34,14,10,10,52:36,16,52,1.5294117647058822
15/16,6,Galatasaray,34,13,12,9,69:49,20,51,1.5
15/16,7,Kasımpaşa,34,14,8,12,50:40,10,50,1.4705882352941178
15/16,8,Akhisar Belediye,34,11,13,10,42:41,1,46,1.3529411764705883
15/16,9,Antalyaspor,34,12,9,13,53:52,1,45,1.3235294117647058
15/16,10,Gençlerbirliği,34,13,6,15,42:42,0,45,1.3235294117647058
15/16,11,Bursaspor,34,13,5,16,47:55,-8,44,1.2941176470588236
15/16,12,Trabzonspor,34,12,4,18,40:59,-19,40,1.1764705882352942
15/16,13,Ç. Rizespor,34,9,10,15,39:48,-9,37,1.088235294117647
15/16,14,Gaziantepspor,34,9,9,16,31:50,-19,36,1.0588235294117647
15/16,15,Kayserispor,34,7,13,14,25:41,-16,34,1.0
15/16,16,Sivasspor,34,6,13,15,34:48,-14,31,0.9117647058823529
15/16,17,Eskişehirspor,34,8,6,20,39:64,-25,30,0.8823529411764706
15/16,18,Mersin İY,34,5,6,23,31:71,-40,21,0.6176470588235294
